:START_ID	:END_ID	:TYPE	source	score
CID:10100	ENSG00000112038	canonicalTarget	chembl	1.0
CID:10299876	ENSG00000151090	canonicalTarget	chembl	1.0
CID:10437018	ENSG00000146648	canonicalTarget	chembl	1.0
CID:10437018	ENSG00000141736	canonicalTarget	chembl	1.0
CID:10437018	ENSG00000178568	canonicalTarget	chembl	1.0
CID:11270783	ENSG00000170425	canonicalTarget	chembl	1.0
CID:11478684	ENSG00000169032	canonicalTarget	chembl	1.0
CID:11478684	ENSG00000126934	canonicalTarget	chembl	1.0
CID:11620908	ENSG00000146648	canonicalTarget	chembl	1.0
CID:11620908	ENSG00000141736	canonicalTarget	chembl	1.0
CID:11627443	ENSG00000128271	canonicalTarget	chembl	1.0
CID:11633038	ENSG00000064012	canonicalTarget	chembl	1.0
CID:11633038	ENSG00000132906	canonicalTarget	chembl	1.0
CID:11633038	ENSG00000137752	canonicalTarget	chembl	1.0
CID:134018	ENSG00000158125	canonicalTarget	chembl	1.0
CID:156422	ENSG00000112062	canonicalTarget	chembl	1.0
CID:16007367	ENSG00000196689	canonicalTarget	chembl	1.0
CID:16750192	ENSG00000169083	canonicalTarget	chembl	1.0
CID:17751090	ENSG00000196689	canonicalTarget	chembl	1.0
CID:24745335	ENSG00000134489	canonicalTarget	chembl	1.0
CID:25062766	ENSG00000096968	canonicalTarget	chembl	1.0
CID:25062766	ENSG00000162434	canonicalTarget	chembl	1.0
CID:25066467	ENSG00000097007	canonicalTarget	chembl	1.0
CID:25145656	ENSG00000105976	canonicalTarget	chembl	1.0
CID:2551	ENSG00000133019	canonicalTarget	chembl	1.0
CID:2725	ENSG00000196639	canonicalTarget	chembl	1.0
CID:2732	ENSG00000070915	canonicalTarget	chembl	1.0
CID:3019	ENSG00000121361	canonicalTarget	chembl	1.0
CID:3025986	ENSG00000136807	canonicalTarget	chembl	1.0
CID:3025986	ENSG00000277273	canonicalTarget	chembl	1.0
CID:3025986	ENSG00000123374	canonicalTarget	chembl	1.0
CID:3025986	ENSG00000134058	canonicalTarget	chembl	1.0
CID:3033538	ENSG00000120907	canonicalTarget	chembl	1.0
CID:3052776	ENSG00000069535	canonicalTarget	chembl	1.0
CID:3117	ENSG00000111275	canonicalTarget	chembl	1.0
CID:3156	ENSG00000171303	canonicalTarget	chembl	1.0
CID:3156	ENSG00000169427	canonicalTarget	chembl	1.0
CID:3957	ENSG00000196639	canonicalTarget	chembl	1.0
CID:4236	ENSG00000276996	canonicalTarget	chembl	1.0
CID:4236	ENSG00000142319	canonicalTarget	chembl	1.0
CID:42642648	ENSG00000141736	canonicalTarget	chembl	1.0
CID:42642648	ENSG00000146648	canonicalTarget	chembl	1.0
CID:4369359	ENSG00000197635	canonicalTarget	chembl	1.0
CID:45375953	ENSG00000198793	canonicalTarget	chembl	1.0
CID:4601	ENSG00000196639	canonicalTarget	chembl	1.0
CID:4601	ENSG00000103546	canonicalTarget	chembl	1.0
CID:4927	ENSG00000196639	canonicalTarget	chembl	1.0
CID:4932	ENSG00000169252	canonicalTarget	chembl	1.0
CID:49843471	ENSG00000183134	canonicalTarget	chembl	1.0
CID:4991	ENSG00000087085	canonicalTarget	chembl	1.0
CID:52919	ENSG00000102468	canonicalTarget	chembl	1.0
CID:5324346	ENSG00000108576	canonicalTarget	chembl	1.0
CID:54678486	ENSG00000167397	canonicalTarget	chembl	1.0
CID:5472	ENSG00000169313	canonicalTarget	chembl	1.0
CID:56846693	ENSG00000157764	canonicalTarget	chembl	1.0
CID:56846693	ENSG00000165731	canonicalTarget	chembl	1.0
CID:56846693	ENSG00000146648	canonicalTarget	chembl	1.0
CID:5745	ENSG00000113580	canonicalTarget	chembl	1.0
CID:5878	ENSG00000169083	canonicalTarget	chembl	1.0
CID:60795	ENSG00000149295	canonicalTarget	chembl	1.0
CID:60795	ENSG00000178394	canonicalTarget	chembl	1.0
CID:60795	ENSG00000102468	canonicalTarget	chembl	1.0
CID:638678	ENSG00000174417	canonicalTarget	chembl	1.0
CID:6435415	ENSG00000015413	canonicalTarget	chembl	1.0
CID:6540478	ENSG00000082175	canonicalTarget	chembl	1.0
CID:68740	ENSG00000160752	canonicalTarget	chembl	1.0
CID:6915835	ENSG00000111424	canonicalTarget	chembl	1.0
CID:6918284	ENSG00000168398	canonicalTarget	chembl	1.0
CID:6918540	ENSG00000087237	canonicalTarget	chembl	1.0
CID:9270	ENSG00000082175	canonicalTarget	chembl	1.0
CID:9811834	ENSG00000196549	canonicalTarget	chembl	1.0
CID:9833519	ENSG00000128271	canonicalTarget	chembl	1.0
CID:9854012	ENSG00000169313	canonicalTarget	chembl	1.0
CID:9948102	ENSG00000101180	canonicalTarget	chembl	1.0
CID:10090485	ENSG00000106799	canonicalTarget	chembl	1.0
CID:10096344	ENSG00000197635	canonicalTarget	chembl	1.0
CID:10161381	ENSG00000089041	canonicalTarget	chembl	1.0
CID:11556427	ENSG00000087237	canonicalTarget	chembl	1.0
CID:11641515	ENSG00000126218	canonicalTarget	chembl	1.0
CID:11687907	ENSG00000121966	canonicalTarget	chembl	1.0
CID:123600	ENSG00000169252	canonicalTarget	chembl	1.0
CID:13559281	ENSG00000082175	canonicalTarget	chembl	1.0
CID:16362	ENSG00000102468	canonicalTarget	chembl	1.0
CID:16923	ENSG00000113580	canonicalTarget	chembl	1.0
CID:2145	ENSG00000137869	canonicalTarget	chembl	1.0
CID:2145	ENSG00000140459	canonicalTarget	chembl	1.0
CID:223253	ENSG00000113580	canonicalTarget	chembl	1.0
CID:23635314	ENSG00000197122	canonicalTarget	chembl	1.0
CID:2368	ENSG00000103546	canonicalTarget	chembl	1.0
CID:2477	ENSG00000178394	canonicalTarget	chembl	1.0
CID:24795088	ENSG00000113580	canonicalTarget	chembl	1.0
CID:24901704	ENSG00000120156	canonicalTarget	chembl	1.0
CID:24901704	ENSG00000105976	canonicalTarget	chembl	1.0
CID:24993189	ENSG00000166851	canonicalTarget	chembl	1.0
CID:3002977	ENSG00000160791	canonicalTarget	chembl	1.0
CID:30323	ENSG00000131747	canonicalTarget	chembl	1.0
CID:3510	ENSG00000166736	canonicalTarget	chembl	1.0
CID:4075	ENSG00000132170	canonicalTarget	chembl	1.0
CID:4075	ENSG00000012779	canonicalTarget	chembl	1.0
CID:4075	ENSG00000275565	canonicalTarget	chembl	1.0
CID:4170	ENSG00000070915	canonicalTarget	chembl	1.0
CID:44093	ENSG00000159640	canonicalTarget	chembl	1.0
CID:441336	ENSG00000113580	canonicalTarget	chembl	1.0
CID:443928	ENSG00000113580	canonicalTarget	chembl	1.0
CID:443980	ENSG00000113580	canonicalTarget	chembl	1.0
CID:44557636	ENSG00000168959	canonicalTarget	chembl	1.0
CID:44631912	ENSG00000135446	canonicalTarget	chembl	1.0
CID:44631912	ENSG00000105810	canonicalTarget	chembl	1.0
CID:49831257	ENSG00000162434	canonicalTarget	chembl	1.0
CID:5090	ENSG00000073756	canonicalTarget	chembl	1.0
CID:5281004	ENSG00000113580	canonicalTarget	chembl	1.0
CID:5283820	ENSG00000131408	canonicalTarget	chembl	1.0
CID:5283820	ENSG00000025434	canonicalTarget	chembl	1.0
CID:5284514	ENSG00000196639	canonicalTarget	chembl	1.0
CID:5284549	ENSG00000104267	canonicalTarget	chembl	1.0
CID:5311067	ENSG00000113580	canonicalTarget	chembl	1.0
CID:54892	ENSG00000159640	canonicalTarget	chembl	1.0
CID:59239165	ENSG00000198793	canonicalTarget	chembl	1.0
CID:6018	ENSG00000165646	canonicalTarget	chembl	1.0
CID:6433122	ENSG00000102468	canonicalTarget	chembl	1.0
CID:6834	ENSG00000196639	canonicalTarget	chembl	1.0
CID:68873	ENSG00000082175	canonicalTarget	chembl	1.0
CID:6918155	ENSG00000113580	canonicalTarget	chembl	1.0
CID:6918173	ENSG00000168398	canonicalTarget	chembl	1.0
CID:6918525	ENSG00000178394	canonicalTarget	chembl	1.0
CID:7028	ENSG00000103546	canonicalTarget	chembl	1.0
CID:9837243	ENSG00000159164	canonicalTarget	chembl	1.0
CID:9957262	ENSG00000151617	canonicalTarget	chembl	1.0
CID:10295295	ENSG00000172819	canonicalTarget	chembl	1.0
CID:10348973	ENSG00000109163	canonicalTarget	chembl	1.0
CID:11282283	ENSG00000122025	canonicalTarget	chembl	1.0
CID:11282283	ENSG00000134853	canonicalTarget	chembl	1.0
CID:11282283	ENSG00000157404	canonicalTarget	chembl	1.0
CID:11282283	ENSG00000105976	canonicalTarget	chembl	1.0
CID:11349170	ENSG00000141736	canonicalTarget	chembl	1.0
CID:11349170	ENSG00000178568	canonicalTarget	chembl	1.0
CID:11349170	ENSG00000146648	canonicalTarget	chembl	1.0
CID:11417567	ENSG00000197635	canonicalTarget	chembl	1.0
CID:11434515	ENSG00000133019	canonicalTarget	chembl	1.0
CID:11552706	ENSG00000112062	canonicalTarget	chembl	1.0
CID:11552706	ENSG00000185386	canonicalTarget	chembl	1.0
CID:11714580	ENSG00000112062	canonicalTarget	chembl	1.0
CID:11848225	ENSG00000125510	canonicalTarget	chembl	1.0
CID:11978790	ENSG00000198793	canonicalTarget	chembl	1.0
CID:12082259	ENSG00000132170	canonicalTarget	chembl	1.0
CID:12082259	ENSG00000197891	canonicalTarget	chembl	1.0
CID:124087	ENSG00000196639	canonicalTarget	chembl	1.0
CID:130904	ENSG00000082175	canonicalTarget	chembl	1.0
CID:16102897	ENSG00000100739	canonicalTarget	chembl	1.0
CID:21826	ENSG00000113580	canonicalTarget	chembl	1.0
CID:23581869	ENSG00000011677	canonicalTarget	chembl	1.0
CID:23581869	ENSG00000151834	canonicalTarget	chembl	1.0
CID:24776445	ENSG00000128602	canonicalTarget	chembl	1.0
CID:24873449	ENSG00000113580	canonicalTarget	chembl	1.0
CID:24958200	ENSG00000129484	canonicalTarget	chembl	1.0
CID:24958200	ENSG00000143799	canonicalTarget	chembl	1.0
CID:25195624	ENSG00000140675	canonicalTarget	chembl	1.0
CID:25262965	ENSG00000198793	canonicalTarget	chembl	1.0
CID:2771	ENSG00000108576	canonicalTarget	chembl	1.0
CID:3025	ENSG00000183873	canonicalTarget	chembl	1.0
CID:3025	ENSG00000185313	canonicalTarget	chembl	1.0
CID:3696	ENSG00000103546	canonicalTarget	chembl	1.0
CID:3696	ENSG00000108576	canonicalTarget	chembl	1.0
CID:4091	ENSG00000115159	canonicalTarget	chembl	1.0
CID:4107	ENSG00000133742	canonicalTarget	chembl	1.0
CID:439693	ENSG00000196839	canonicalTarget	chembl	1.0
CID:4748	ENSG00000149295	canonicalTarget	chembl	1.0
CID:4919	ENSG00000168539	canonicalTarget	chembl	1.0
CID:49806720	ENSG00000165731	canonicalTarget	chembl	1.0
CID:49806720	ENSG00000171094	canonicalTarget	chembl	1.0
CID:50905713	ENSG00000105851	canonicalTarget	chembl	1.0
CID:50905713	ENSG00000171608	canonicalTarget	chembl	1.0
CID:5282226	ENSG00000122420	canonicalTarget	chembl	1.0
CID:56959	ENSG00000183873	canonicalTarget	chembl	1.0
CID:56959	ENSG00000007314	canonicalTarget	chembl	1.0
CID:5910	ENSG00000133019	canonicalTarget	chembl	1.0
CID:5910	ENSG00000168539	canonicalTarget	chembl	1.0
CID:5966	ENSG00000087085	canonicalTarget	chembl	1.0
CID:60953	ENSG00000176890	canonicalTarget	chembl	1.0
CID:6444692	ENSG00000141736	canonicalTarget	chembl	1.0
CID:6445226	ENSG00000180210	canonicalTarget	chembl	1.0
CID:6445562	ENSG00000146648	canonicalTarget	chembl	1.0
CID:65015	ENSG00000121966	canonicalTarget	chembl	1.0
CID:6914273	ENSG00000198838	canonicalTarget	chembl	1.0
CID:6914273	ENSG00000196218	canonicalTarget	chembl	1.0
CID:6917779	ENSG00000108576	canonicalTarget	chembl	1.0
CID:6917779	ENSG00000103546	canonicalTarget	chembl	1.0
CID:6918852	ENSG00000123374	canonicalTarget	chembl	1.0
CID:6918852	ENSG00000170312	canonicalTarget	chembl	1.0
CID:6918852	ENSG00000135446	canonicalTarget	chembl	1.0
CID:9568628	ENSG00000082175	canonicalTarget	chembl	1.0
CID:9576912	ENSG00000128271	canonicalTarget	chembl	1.0
CID:9798547	ENSG00000101180	canonicalTarget	chembl	1.0
CID:9832447	ENSG00000132170	canonicalTarget	chembl	1.0
CID:9849699	ENSG00000169252	canonicalTarget	chembl	1.0
CID:9849699	ENSG00000188778	canonicalTarget	chembl	1.0
CID:9878	ENSG00000113580	canonicalTarget	chembl	1.0
CID:10117987	ENSG00000128271	canonicalTarget	chembl	1.0
CID:10297043	ENSG00000102755	canonicalTarget	chembl	1.0
CID:10297043	ENSG00000141736	canonicalTarget	chembl	1.0
CID:10297043	ENSG00000146648	canonicalTarget	chembl	1.0
CID:10297043	ENSG00000128052	canonicalTarget	chembl	1.0
CID:10452732	ENSG00000112038	canonicalTarget	chembl	1.0
CID:11001318	ENSG00000118271	canonicalTarget	chembl	1.0
CID:11488320	ENSG00000141736	canonicalTarget	chembl	1.0
CID:11488320	ENSG00000065361	canonicalTarget	chembl	1.0
CID:11488320	ENSG00000146648	canonicalTarget	chembl	1.0
CID:11683556	ENSG00000102468	canonicalTarget	chembl	1.0
CID:11691242	ENSG00000128052	canonicalTarget	chembl	1.0
CID:11691242	ENSG00000196411	canonicalTarget	chembl	1.0
CID:11691242	ENSG00000113721	canonicalTarget	chembl	1.0
CID:1254	ENSG00000144481	canonicalTarget	chembl	1.0
CID:1254	ENSG00000104321	canonicalTarget	chembl	1.0
CID:15130	ENSG00000112038	canonicalTarget	chembl	1.0
CID:16659841	ENSG00000096968	canonicalTarget	chembl	1.0
CID:26757	ENSG00000069535	canonicalTarget	chembl	1.0
CID:2801	ENSG00000108576	canonicalTarget	chembl	1.0
CID:2911	ENSG00000168539	canonicalTarget	chembl	1.0
CID:3001028	ENSG00000091831	canonicalTarget	chembl	1.0
CID:3152	ENSG00000087085	canonicalTarget	chembl	1.0
CID:3386	ENSG00000108576	canonicalTarget	chembl	1.0
CID:3658	ENSG00000196639	canonicalTarget	chembl	1.0
CID:4058	ENSG00000112038	canonicalTarget	chembl	1.0
CID:45268455	ENSG00000183134	canonicalTarget	chembl	1.0
CID:4642	ENSG00000133019	canonicalTarget	chembl	1.0
CID:4642	ENSG00000168539	canonicalTarget	chembl	1.0
CID:4912	ENSG00000165029	canonicalTarget	chembl	1.0
CID:5362129	ENSG00000159640	canonicalTarget	chembl	1.0
CID:54676038	ENSG00000167397	canonicalTarget	chembl	1.0
CID:54746	ENSG00000149295	canonicalTarget	chembl	1.0
CID:6433095	ENSG00000151617	canonicalTarget	chembl	1.0
CID:64929	ENSG00000186951	canonicalTarget	chembl	1.0
CID:65359	ENSG00000104687	canonicalTarget	chembl	1.0
CID:657181	ENSG00000109163	canonicalTarget	chembl	1.0
CID:68844	ENSG00000104267	canonicalTarget	chembl	1.0
CID:6918537	ENSG00000197635	canonicalTarget	chembl	1.0
CID:9823762	ENSG00000164270	canonicalTarget	chembl	1.0
CID:9869105	ENSG00000135312	canonicalTarget	chembl	1.0
CID:9869105	ENSG00000102468	canonicalTarget	chembl	1.0
CID:9918381	ENSG00000146070	canonicalTarget	chembl	1.0
CID:10074640	ENSG00000157404	canonicalTarget	chembl	1.0
CID:10074640	ENSG00000068078	canonicalTarget	chembl	1.0
CID:10133	ENSG00000012504	canonicalTarget	chembl	1.0
CID:10311306	ENSG00000115353	canonicalTarget	chembl	1.0
CID:11328898	ENSG00000166603	canonicalTarget	chembl	1.0
CID:11450633	ENSG00000197635	canonicalTarget	chembl	1.0
CID:11973736	ENSG00000077782	canonicalTarget	chembl	1.0
CID:11973736	ENSG00000066468	canonicalTarget	chembl	1.0
CID:11973736	ENSG00000128052	canonicalTarget	chembl	1.0
CID:11973736	ENSG00000196411	canonicalTarget	chembl	1.0
CID:11973736	ENSG00000113721	canonicalTarget	chembl	1.0
CID:11973736	ENSG00000102755	canonicalTarget	chembl	1.0
CID:1349907	ENSG00000115705	canonicalTarget	chembl	1.0
CID:13769	ENSG00000137869	canonicalTarget	chembl	1.0
CID:1549000	ENSG00000196639	canonicalTarget	chembl	1.0
CID:15942005	ENSG00000151090	canonicalTarget	chembl	1.0
CID:16131215	ENSG00000109163	canonicalTarget	chembl	1.0
CID:16222096	ENSG00000169032	canonicalTarget	chembl	1.0
CID:16222096	ENSG00000126934	canonicalTarget	chembl	1.0
CID:169870	ENSG00000082175	canonicalTarget	chembl	1.0
CID:21071390	ENSG00000158748	canonicalTarget	chembl	1.0
CID:2343	ENSG00000070915	canonicalTarget	chembl	1.0
CID:2375	ENSG00000169083	canonicalTarget	chembl	1.0
CID:2474	ENSG00000007314	canonicalTarget	chembl	1.0
CID:24857286	ENSG00000126266	canonicalTarget	chembl	1.0
CID:25134326	ENSG00000171094	canonicalTarget	chembl	1.0
CID:2564	ENSG00000196639	canonicalTarget	chembl	1.0
CID:2662	ENSG00000073756	canonicalTarget	chembl	1.0
CID:3397	ENSG00000169083	canonicalTarget	chembl	1.0
CID:39468	ENSG00000169252	canonicalTarget	chembl	1.0
CID:4057	ENSG00000133019	canonicalTarget	chembl	1.0
CID:4057	ENSG00000168539	canonicalTarget	chembl	1.0
CID:4078	ENSG00000102468	canonicalTarget	chembl	1.0
CID:4078	ENSG00000149295	canonicalTarget	chembl	1.0
CID:44603533	ENSG00000105976	canonicalTarget	chembl	1.0
CID:4595	ENSG00000166736	canonicalTarget	chembl	1.0
CID:46216796	ENSG00000122025	canonicalTarget	chembl	1.0
CID:46216796	ENSG00000096968	canonicalTarget	chembl	1.0
CID:49831411	ENSG00000149295	canonicalTarget	chembl	1.0
CID:49831411	ENSG00000102468	canonicalTarget	chembl	1.0
CID:49831411	ENSG00000178394	canonicalTarget	chembl	1.0
CID:5212	ENSG00000138735	canonicalTarget	chembl	1.0
CID:5282448	ENSG00000117601	canonicalTarget	chembl	1.0
CID:5288826	ENSG00000112038	canonicalTarget	chembl	1.0
CID:54684141	ENSG00000102967	canonicalTarget	chembl	1.0
CID:5587	ENSG00000196639	canonicalTarget	chembl	1.0
CID:5656	ENSG00000108576	canonicalTarget	chembl	1.0
CID:5656	ENSG00000103546	canonicalTarget	chembl	1.0
CID:57379345	ENSG00000171094	canonicalTarget	chembl	1.0
CID:59174488	ENSG00000010671	canonicalTarget	chembl	1.0
CID:60823	ENSG00000113161	canonicalTarget	chembl	1.0
CID:637568	ENSG00000079999	canonicalTarget	chembl	1.0
CID:6918314	ENSG00000108576	canonicalTarget	chembl	1.0
CID:6918314	ENSG00000178394	canonicalTarget	chembl	1.0
CID:6918454	ENSG00000126934	canonicalTarget	chembl	1.0
CID:6918454	ENSG00000169032	canonicalTarget	chembl	1.0
CID:6918548	ENSG00000082175	canonicalTarget	chembl	1.0
CID:9797360	ENSG00000175344	canonicalTarget	chembl	1.0
CID:9801640	ENSG00000178394	canonicalTarget	chembl	1.0
CID:9810709	ENSG00000131747	canonicalTarget	chembl	1.0
CID:9890879	ENSG00000132170	canonicalTarget	chembl	1.0
CID:9890879	ENSG00000186951	canonicalTarget	chembl	1.0
CID:9915203	ENSG00000213903	canonicalTarget	chembl	1.0
CID:9941379	ENSG00000166603	canonicalTarget	chembl	1.0
CID:9941379	ENSG00000124089	canonicalTarget	chembl	1.0
CID:9941379	ENSG00000258839	canonicalTarget	chembl	1.0
CID:107782	ENSG00000113580	canonicalTarget	chembl	1.0
CID:107807	ENSG00000159640	canonicalTarget	chembl	1.0
CID:110635	ENSG00000138735	canonicalTarget	chembl	1.0
CID:11364421	ENSG00000166851	canonicalTarget	chembl	1.0
CID:11955855	ENSG00000149554	canonicalTarget	chembl	1.0
CID:13109	ENSG00000082175	canonicalTarget	chembl	1.0
CID:154059	ENSG00000133019	canonicalTarget	chembl	1.0
CID:154059	ENSG00000181072	canonicalTarget	chembl	1.0
CID:155815	ENSG00000188257	canonicalTarget	chembl	1.0
CID:20629114	ENSG00000164129	canonicalTarget	chembl	1.0
CID:208908	ENSG00000146648	canonicalTarget	chembl	1.0
CID:208908	ENSG00000141736	canonicalTarget	chembl	1.0
CID:213046	ENSG00000102468	canonicalTarget	chembl	1.0
CID:213046	ENSG00000149295	canonicalTarget	chembl	1.0
CID:2200	ENSG00000196639	canonicalTarget	chembl	1.0
CID:24780598	ENSG00000180871	canonicalTarget	chembl	1.0
CID:24795069	ENSG00000165646	canonicalTarget	chembl	1.0
CID:25102847	ENSG00000105976	canonicalTarget	chembl	1.0
CID:25102847	ENSG00000128052	canonicalTarget	chembl	1.0
CID:2756	ENSG00000113749	canonicalTarget	chembl	1.0
CID:31703	ENSG00000131747	canonicalTarget	chembl	1.0
CID:3356	ENSG00000183873	canonicalTarget	chembl	1.0
CID:3440	ENSG00000074803	canonicalTarget	chembl	1.0
CID:3647	ENSG00000070915	canonicalTarget	chembl	1.0
CID:3652	ENSG00000239732	canonicalTarget	chembl	1.0
CID:3652	ENSG00000196664	canonicalTarget	chembl	1.0
CID:42642645	ENSG00000120156	canonicalTarget	chembl	1.0
CID:42642645	ENSG00000157404	canonicalTarget	chembl	1.0
CID:42642645	ENSG00000122025	canonicalTarget	chembl	1.0
CID:42642645	ENSG00000105976	canonicalTarget	chembl	1.0
CID:445643	ENSG00000088832	canonicalTarget	chembl	1.0
CID:446157	ENSG00000113161	canonicalTarget	chembl	1.0
CID:4493	ENSG00000169083	canonicalTarget	chembl	1.0
CID:4585	ENSG00000102468	canonicalTarget	chembl	1.0
CID:46196517	ENSG00000175344	canonicalTarget	chembl	1.0
CID:46209133	ENSG00000197635	canonicalTarget	chembl	1.0
CID:4771	ENSG00000103546	canonicalTarget	chembl	1.0
CID:4946	ENSG00000169252	canonicalTarget	chembl	1.0
CID:4976	ENSG00000103546	canonicalTarget	chembl	1.0
CID:4976	ENSG00000108576	canonicalTarget	chembl	1.0
CID:4988454	ENSG00000148408	canonicalTarget	chembl	1.0
CID:5311128	ENSG00000109163	canonicalTarget	chembl	1.0
CID:5362124	ENSG00000159640	canonicalTarget	chembl	1.0
CID:5488548	ENSG00000112038	canonicalTarget	chembl	1.0
CID:5702160	ENSG00000113749	canonicalTarget	chembl	1.0
CID:59473233	ENSG00000165025	canonicalTarget	chembl	1.0
CID:6230	ENSG00000082175	canonicalTarget	chembl	1.0
CID:6436	ENSG00000113580	canonicalTarget	chembl	1.0
CID:9015	ENSG00000077498	canonicalTarget	chembl	1.0
CID:9871419	ENSG00000169313	canonicalTarget	chembl	1.0
CID:10172827	ENSG00000095015	canonicalTarget	chembl	1.0
CID:10172827	ENSG00000169032	canonicalTarget	chembl	1.0
CID:10286159	ENSG00000140009	canonicalTarget	chembl	1.0
CID:10501053	ENSG00000160013	canonicalTarget	chembl	1.0
CID:11237985	ENSG00000164270	canonicalTarget	chembl	1.0
CID:11248490	ENSG00000110092	canonicalTarget	chembl	1.0
CID:11289	ENSG00000140009	canonicalTarget	chembl	1.0
CID:11326715	ENSG00000169083	canonicalTarget	chembl	1.0
CID:15981237	ENSG00000151090	canonicalTarget	chembl	1.0
CID:16124208	ENSG00000178999	canonicalTarget	chembl	1.0
CID:176167	ENSG00000166501	canonicalTarget	chembl	1.0
CID:187	ENSG00000133019	canonicalTarget	chembl	1.0
CID:2431	ENSG00000103546	canonicalTarget	chembl	1.0
CID:24821094	ENSG00000010671	canonicalTarget	chembl	1.0
CID:25167777	ENSG00000198793	canonicalTarget	chembl	1.0
CID:2726	ENSG00000102468	canonicalTarget	chembl	1.0
CID:3038525	ENSG00000112062	canonicalTarget	chembl	1.0
CID:3290	ENSG00000168539	canonicalTarget	chembl	1.0
CID:3345	ENSG00000112038	canonicalTarget	chembl	1.0
CID:4211	ENSG00000160882	canonicalTarget	chembl	1.0
CID:4211	ENSG00000140459	canonicalTarget	chembl	1.0
CID:42641863	ENSG00000183134	canonicalTarget	chembl	1.0
CID:42641863	ENSG00000168229	canonicalTarget	chembl	1.0
CID:441350	ENSG00000180176	canonicalTarget	chembl	1.0
CID:4449	ENSG00000103546	canonicalTarget	chembl	1.0
CID:4449	ENSG00000102468	canonicalTarget	chembl	1.0
CID:4449	ENSG00000108576	canonicalTarget	chembl	1.0
CID:5282381	ENSG00000050628	canonicalTarget	chembl	1.0
CID:564	ENSG00000104368	canonicalTarget	chembl	1.0
CID:564	ENSG00000122194	canonicalTarget	chembl	1.0
CID:60815	ENSG00000112038	canonicalTarget	chembl	1.0
CID:60854	ENSG00000149295	canonicalTarget	chembl	1.0
CID:60854	ENSG00000102468	canonicalTarget	chembl	1.0
CID:6918554	ENSG00000169252	canonicalTarget	chembl	1.0
CID:72435	ENSG00000140443	canonicalTarget	chembl	1.0
CID:9642	ENSG00000113580	canonicalTarget	chembl	1.0
CID:9794392	ENSG00000175344	canonicalTarget	chembl	1.0
CID:9799888	ENSG00000095596	canonicalTarget	chembl	1.0
CID:9820882	ENSG00000188778	canonicalTarget	chembl	1.0
CID:9826744	ENSG00000118432	canonicalTarget	chembl	1.0
CID:9887712	ENSG00000140675	canonicalTarget	chembl	1.0
CID:9916461	ENSG00000115353	canonicalTarget	chembl	1.0
CID:9917013	ENSG00000073803	canonicalTarget	chembl	1.0
CID:9917013	ENSG00000006432	canonicalTarget	chembl	1.0
CID:9917013	ENSG00000130758	canonicalTarget	chembl	1.0
CID:9917013	ENSG00000139625	canonicalTarget	chembl	1.0
CID:9917013	ENSG00000173327	canonicalTarget	chembl	1.0
CID:10302451	ENSG00000097007	canonicalTarget	chembl	1.0
CID:10302451	ENSG00000197122	canonicalTarget	chembl	1.0
CID:11167602	ENSG00000066468	canonicalTarget	chembl	1.0
CID:11167602	ENSG00000162733	canonicalTarget	chembl	1.0
CID:11167602	ENSG00000097007	canonicalTarget	chembl	1.0
CID:11167602	ENSG00000157404	canonicalTarget	chembl	1.0
CID:11167602	ENSG00000132155	canonicalTarget	chembl	1.0
CID:11167602	ENSG00000120156	canonicalTarget	chembl	1.0
CID:11167602	ENSG00000165731	canonicalTarget	chembl	1.0
CID:11167602	ENSG00000077782	canonicalTarget	chembl	1.0
CID:11167602	ENSG00000157764	canonicalTarget	chembl	1.0
CID:11167602	ENSG00000185386	canonicalTarget	chembl	1.0
CID:11167602	ENSG00000111816	canonicalTarget	chembl	1.0
CID:11526696	ENSG00000121853	canonicalTarget	chembl	1.0
CID:11539025	ENSG00000112062	canonicalTarget	chembl	1.0
CID:119607	ENSG00000073756	canonicalTarget	chembl	1.0
CID:11977753	ENSG00000198793	canonicalTarget	chembl	1.0
CID:130881	ENSG00000144891	canonicalTarget	chembl	1.0
CID:156414	ENSG00000141736	canonicalTarget	chembl	1.0
CID:156414	ENSG00000146648	canonicalTarget	chembl	1.0
CID:156414	ENSG00000178568	canonicalTarget	chembl	1.0
CID:157920	ENSG00000114859	canonicalTarget	chembl	1.0
CID:158781	ENSG00000144891	canonicalTarget	chembl	1.0
CID:15951529	ENSG00000169083	canonicalTarget	chembl	1.0
CID:16129675	ENSG00000163394	canonicalTarget	chembl	1.0
CID:16158208	ENSG00000070019	canonicalTarget	chembl	1.0
CID:16533	ENSG00000113580	canonicalTarget	chembl	1.0
CID:16718576	ENSG00000123374	canonicalTarget	chembl	1.0
CID:16718576	ENSG00000198400	canonicalTarget	chembl	1.0
CID:16718576	ENSG00000170312	canonicalTarget	chembl	1.0
CID:16718576	ENSG00000135446	canonicalTarget	chembl	1.0
CID:206044	ENSG00000186951	canonicalTarget	chembl	1.0
CID:206044	ENSG00000132170	canonicalTarget	chembl	1.0
CID:2187	ENSG00000137869	canonicalTarget	chembl	1.0
CID:24826799	ENSG00000097007	canonicalTarget	chembl	1.0
CID:24826799	ENSG00000186716	canonicalTarget	chembl	1.0
CID:25221720	ENSG00000116745	canonicalTarget	chembl	1.0
CID:42611257	ENSG00000157764	canonicalTarget	chembl	1.0
CID:42890	ENSG00000131747	canonicalTarget	chembl	1.0
CID:4409	ENSG00000073756	canonicalTarget	chembl	1.0
CID:45142457	ENSG00000105976	canonicalTarget	chembl	1.0
CID:46908929	ENSG00000140675	canonicalTarget	chembl	1.0
CID:4926	ENSG00000102468	canonicalTarget	chembl	1.0
CID:49803313	ENSG00000122025	canonicalTarget	chembl	1.0
CID:49846579	ENSG00000171791	canonicalTarget	chembl	1.0
CID:5206	ENSG00000186795	canonicalTarget	chembl	1.0
CID:5206	ENSG00000171303	canonicalTarget	chembl	1.0
CID:5206	ENSG00000100433	canonicalTarget	chembl	1.0
CID:5206	ENSG00000169427	canonicalTarget	chembl	1.0
CID:5206	ENSG00000082482	canonicalTarget	chembl	1.0
CID:5281081	ENSG00000093010	canonicalTarget	chembl	1.0
CID:5283731	ENSG00000111424	canonicalTarget	chembl	1.0
CID:5291	ENSG00000097007	canonicalTarget	chembl	1.0
CID:5291	ENSG00000157404	canonicalTarget	chembl	1.0
CID:5291	ENSG00000113721	canonicalTarget	chembl	1.0
CID:5311221	ENSG00000122420	canonicalTarget	chembl	1.0
CID:5717	ENSG00000173198	canonicalTarget	chembl	1.0
CID:60490	ENSG00000012779	canonicalTarget	chembl	1.0
CID:60490	ENSG00000275565	canonicalTarget	chembl	1.0
CID:636374	ENSG00000113580	canonicalTarget	chembl	1.0
CID:644241	ENSG00000097007	canonicalTarget	chembl	1.0
CID:656583	ENSG00000203859	canonicalTarget	chembl	1.0
CID:68617	ENSG00000108576	canonicalTarget	chembl	1.0
CID:767	ENSG00000133731	canonicalTarget	chembl	1.0
CID:8550	ENSG00000165646	canonicalTarget	chembl	1.0
CID:91469	ENSG00000140009	canonicalTarget	chembl	1.0
CID:9868037	ENSG00000157404	canonicalTarget	chembl	1.0
CID:9886917	ENSG00000276870	canonicalTarget	chembl	1.0
CID:9886917	ENSG00000127472	canonicalTarget	chembl	1.0
CID:9886917	ENSG00000069764	canonicalTarget	chembl	1.0
CID:9886917	ENSG00000188257	canonicalTarget	chembl	1.0
CID:10409068	ENSG00000112062	canonicalTarget	chembl	1.0
CID:11226090	ENSG00000118432	canonicalTarget	chembl	1.0
CID:11238823	ENSG00000144891	canonicalTarget	chembl	1.0
CID:11250029	ENSG00000112038	canonicalTarget	chembl	1.0
CID:11256720	ENSG00000158748	canonicalTarget	chembl	1.0
CID:123606	ENSG00000179097	canonicalTarget	chembl	1.0
CID:123606	ENSG00000179546	canonicalTarget	chembl	1.0
CID:123606	ENSG00000135312	canonicalTarget	chembl	1.0
CID:13505	ENSG00000112038	canonicalTarget	chembl	1.0
CID:16066663	ENSG00000169313	canonicalTarget	chembl	1.0
CID:16118392	ENSG00000128052	canonicalTarget	chembl	1.0
CID:16118392	ENSG00000105976	canonicalTarget	chembl	1.0
CID:16123056	ENSG00000198793	canonicalTarget	chembl	1.0
CID:16666708	ENSG00000126934	canonicalTarget	chembl	1.0
CID:16666708	ENSG00000169032	canonicalTarget	chembl	1.0
CID:23630026	ENSG00000151834	canonicalTarget	chembl	1.0
CID:23630026	ENSG00000011677	canonicalTarget	chembl	1.0
CID:24872560	ENSG00000169083	canonicalTarget	chembl	1.0
CID:24905401	ENSG00000162889	canonicalTarget	chembl	1.0
CID:25166913	ENSG00000128602	canonicalTarget	chembl	1.0
CID:3035442	ENSG00000188778	canonicalTarget	chembl	1.0
CID:3278	ENSG00000074803	canonicalTarget	chembl	1.0
CID:32798	ENSG00000113580	canonicalTarget	chembl	1.0
CID:3698	ENSG00000172572	canonicalTarget	chembl	1.0
CID:3955	ENSG00000112038	canonicalTarget	chembl	1.0
CID:44257	ENSG00000171759	canonicalTarget	chembl	1.0
CID:444	ENSG00000142319	canonicalTarget	chembl	1.0
CID:444	ENSG00000103546	canonicalTarget	chembl	1.0
CID:444	ENSG00000276996	canonicalTarget	chembl	1.0
CID:4456	ENSG00000087085	canonicalTarget	chembl	1.0
CID:4934	ENSG00000168539	canonicalTarget	chembl	1.0
CID:4934	ENSG00000133019	canonicalTarget	chembl	1.0
CID:4934	ENSG00000181072	canonicalTarget	chembl	1.0
CID:5282492	ENSG00000113580	canonicalTarget	chembl	1.0
CID:53380437	ENSG00000162434	canonicalTarget	chembl	1.0
CID:5533	ENSG00000108576	canonicalTarget	chembl	1.0
CID:5533	ENSG00000102468	canonicalTarget	chembl	1.0
CID:57469	ENSG00000196664	canonicalTarget	chembl	1.0
CID:60606	ENSG00000169313	canonicalTarget	chembl	1.0
CID:60943	ENSG00000166148	canonicalTarget	chembl	1.0
CID:60943	ENSG00000180914	canonicalTarget	chembl	1.0
CID:6127	ENSG00000168539	canonicalTarget	chembl	1.0
CID:6127	ENSG00000133019	canonicalTarget	chembl	1.0
CID:9444	ENSG00000119772	canonicalTarget	chembl	1.0
CID:9444	ENSG00000130816	canonicalTarget	chembl	1.0
CID:9821849	ENSG00000148795	canonicalTarget	chembl	1.0
CID:9832431	ENSG00000180914	canonicalTarget	chembl	1.0
CID:9865554	ENSG00000180871	canonicalTarget	chembl	1.0
CID:9952773	ENSG00000112062	canonicalTarget	chembl	1.0
CID:10027278	ENSG00000140992	canonicalTarget	chembl	1.0
CID:10052040	ENSG00000118432	canonicalTarget	chembl	1.0
CID:10280735	ENSG00000126218	canonicalTarget	chembl	1.0
CID:10479502	ENSG00000180871	canonicalTarget	chembl	1.0
CID:11152667	ENSG00000149554	canonicalTarget	chembl	1.0
CID:11250647	ENSG00000109163	canonicalTarget	chembl	1.0
CID:11292933	ENSG00000135312	canonicalTarget	chembl	1.0
CID:11292933	ENSG00000179546	canonicalTarget	chembl	1.0
CID:11292933	ENSG00000108576	canonicalTarget	chembl	1.0
CID:11292933	ENSG00000178394	canonicalTarget	chembl	1.0
CID:11498853	ENSG00000168398	canonicalTarget	chembl	1.0
CID:11548630	ENSG00000169032	canonicalTarget	chembl	1.0
CID:11548630	ENSG00000126934	canonicalTarget	chembl	1.0
CID:11713159	ENSG00000169398	canonicalTarget	chembl	1.0
CID:123619	ENSG00000073756	canonicalTarget	chembl	1.0
CID:156419	ENSG00000036828	canonicalTarget	chembl	1.0
CID:16041426	ENSG00000168959	canonicalTarget	chembl	1.0
CID:16220188	ENSG00000112062	canonicalTarget	chembl	1.0
CID:16623	ENSG00000113580	canonicalTarget	chembl	1.0
CID:16735117	ENSG00000146648	canonicalTarget	chembl	1.0
CID:16736978	ENSG00000198793	canonicalTarget	chembl	1.0
CID:1986	ENSG00000167434	canonicalTarget	chembl	1.0
CID:1986	ENSG00000104267	canonicalTarget	chembl	1.0
CID:1986	ENSG00000074410	canonicalTarget	chembl	1.0
CID:1986	ENSG00000133742	canonicalTarget	chembl	1.0
CID:208901	ENSG00000132170	canonicalTarget	chembl	1.0
CID:208901	ENSG00000186951	canonicalTarget	chembl	1.0
CID:216327	ENSG00000104783	canonicalTarget	chembl	1.0
CID:2267	ENSG00000196639	canonicalTarget	chembl	1.0
CID:2381	ENSG00000168539	canonicalTarget	chembl	1.0
CID:240767	ENSG00000113580	canonicalTarget	chembl	1.0
CID:24756910	ENSG00000141736	canonicalTarget	chembl	1.0
CID:24756910	ENSG00000146648	canonicalTarget	chembl	1.0
CID:28417	ENSG00000082175	canonicalTarget	chembl	1.0
CID:28417	ENSG00000169083	canonicalTarget	chembl	1.0
CID:3009	ENSG00000115758	canonicalTarget	chembl	1.0
CID:3389	ENSG00000149295	canonicalTarget	chembl	1.0
CID:3639	ENSG00000070915	canonicalTarget	chembl	1.0
CID:3702	ENSG00000070915	canonicalTarget	chembl	1.0
CID:3749	ENSG00000144891	canonicalTarget	chembl	1.0
CID:3775	ENSG00000133019	canonicalTarget	chembl	1.0
CID:3775	ENSG00000168539	canonicalTarget	chembl	1.0
CID:3964	ENSG00000102468	canonicalTarget	chembl	1.0
CID:44232546	ENSG00000007908	canonicalTarget	chembl	1.0
CID:44516953	ENSG00000198793	canonicalTarget	chembl	1.0
CID:44814423	ENSG00000140675	canonicalTarget	chembl	1.0
CID:448537	ENSG00000091831	canonicalTarget	chembl	1.0
CID:5281040	ENSG00000173198	canonicalTarget	chembl	1.0
CID:5282452	ENSG00000113161	canonicalTarget	chembl	1.0
CID:5311181	ENSG00000160013	canonicalTarget	chembl	1.0
CID:53465279	ENSG00000197891	canonicalTarget	chembl	1.0
CID:5560	ENSG00000070915	canonicalTarget	chembl	1.0
CID:56649450	ENSG00000121879	canonicalTarget	chembl	1.0
CID:6741	ENSG00000113580	canonicalTarget	chembl	1.0
CID:6917715	ENSG00000082175	canonicalTarget	chembl	1.0
CID:6918092	ENSG00000131747	canonicalTarget	chembl	1.0
CID:71414	ENSG00000113580	canonicalTarget	chembl	1.0
CID:71727581	ENSG00000102882	canonicalTarget	chembl	1.0
CID:71727581	ENSG00000100030	canonicalTarget	chembl	1.0
CID:8226	ENSG00000184845	canonicalTarget	chembl	1.0
CID:8226	ENSG00000135914	canonicalTarget	chembl	1.0
CID:9681	ENSG00000135914	canonicalTarget	chembl	1.0
CID:9681	ENSG00000178394	canonicalTarget	chembl	1.0
CID:9811611	ENSG00000128052	canonicalTarget	chembl	1.0
CID:9834591	ENSG00000198822	canonicalTarget	chembl	1.0
CID:9834591	ENSG00000164082	canonicalTarget	chembl	1.0
CID:9852175	ENSG00000115353	canonicalTarget	chembl	1.0
CID:9926832	ENSG00000168959	canonicalTarget	chembl	1.0
CID:101524	ENSG00000198900	canonicalTarget	chembl	1.0
CID:10275777	ENSG00000126218	canonicalTarget	chembl	1.0
CID:10459564	ENSG00000181104	canonicalTarget	chembl	1.0
CID:11167112	ENSG00000112062	canonicalTarget	chembl	1.0
CID:11508736	ENSG00000183134	canonicalTarget	chembl	1.0
CID:11610113	ENSG00000077782	canonicalTarget	chembl	1.0
CID:11610113	ENSG00000142731	canonicalTarget	chembl	1.0
CID:11610113	ENSG00000066468	canonicalTarget	chembl	1.0
CID:11610113	ENSG00000122025	canonicalTarget	chembl	1.0
CID:11610113	ENSG00000113721	canonicalTarget	chembl	1.0
CID:16041424	ENSG00000182578	canonicalTarget	chembl	1.0
CID:16041424	ENSG00000157404	canonicalTarget	chembl	1.0
CID:16041424	ENSG00000068078	canonicalTarget	chembl	1.0
CID:16041424	ENSG00000122025	canonicalTarget	chembl	1.0
CID:16041424	ENSG00000178999	canonicalTarget	chembl	1.0
CID:16041424	ENSG00000128052	canonicalTarget	chembl	1.0
CID:16071605	ENSG00000158748	canonicalTarget	chembl	1.0
CID:2370	ENSG00000133019	canonicalTarget	chembl	1.0
CID:2370	ENSG00000181072	canonicalTarget	chembl	1.0
CID:25070031	ENSG00000101180	canonicalTarget	chembl	1.0
CID:25227462	ENSG00000130669	canonicalTarget	chembl	1.0
CID:2905	ENSG00000133019	canonicalTarget	chembl	1.0
CID:3033053	ENSG00000112038	canonicalTarget	chembl	1.0
CID:3033053	ENSG00000082556	canonicalTarget	chembl	1.0
CID:3042	ENSG00000133019	canonicalTarget	chembl	1.0
CID:3042	ENSG00000168539	canonicalTarget	chembl	1.0
CID:3763	ENSG00000082482	canonicalTarget	chembl	1.0
CID:3763	ENSG00000100433	canonicalTarget	chembl	1.0
CID:3763	ENSG00000186795	canonicalTarget	chembl	1.0
CID:3763	ENSG00000171303	canonicalTarget	chembl	1.0
CID:3763	ENSG00000169427	canonicalTarget	chembl	1.0
CID:446156	ENSG00000113161	canonicalTarget	chembl	1.0
CID:4762	ENSG00000103546	canonicalTarget	chembl	1.0
CID:4762	ENSG00000142319	canonicalTarget	chembl	1.0
CID:4762	ENSG00000276996	canonicalTarget	chembl	1.0
CID:4828	ENSG00000169252	canonicalTarget	chembl	1.0
CID:5073	ENSG00000102468	canonicalTarget	chembl	1.0
CID:5073	ENSG00000149295	canonicalTarget	chembl	1.0
CID:5281075	ENSG00000122420	canonicalTarget	chembl	1.0
CID:5289547	ENSG00000111424	canonicalTarget	chembl	1.0
CID:5327686	ENSG00000122025	canonicalTarget	chembl	1.0
CID:5327686	ENSG00000128052	canonicalTarget	chembl	1.0
CID:53357478	ENSG00000166851	canonicalTarget	chembl	1.0
CID:5388962	ENSG00000159640	canonicalTarget	chembl	1.0
CID:5591	ENSG00000132170	canonicalTarget	chembl	1.0
CID:5593	ENSG00000133019	canonicalTarget	chembl	1.0
CID:59232326	ENSG00000168229	canonicalTarget	chembl	1.0
CID:59768	ENSG00000169252	canonicalTarget	chembl	1.0
CID:5994	ENSG00000082175	canonicalTarget	chembl	1.0
CID:60648	ENSG00000157103	canonicalTarget	chembl	1.0
CID:6918140	ENSG00000160013	canonicalTarget	chembl	1.0
CID:7638	ENSG00000077498	canonicalTarget	chembl	1.0
CID:91270	ENSG00000159640	canonicalTarget	chembl	1.0
CID:9577221	ENSG00000082175	canonicalTarget	chembl	1.0
CID:9802561	ENSG00000197891	canonicalTarget	chembl	1.0
CID:9802561	ENSG00000197901	canonicalTarget	chembl	1.0
CID:9802561	ENSG00000144891	canonicalTarget	chembl	1.0
CID:9802561	ENSG00000149452	canonicalTarget	chembl	1.0
CID:10341154	ENSG00000112062	canonicalTarget	chembl	1.0
CID:10372836	ENSG00000169252	canonicalTarget	chembl	1.0
CID:10372836	ENSG00000181072	canonicalTarget	chembl	1.0
CID:10372836	ENSG00000133019	canonicalTarget	chembl	1.0
CID:10672195	ENSG00000111424	canonicalTarget	chembl	1.0
CID:11539381	ENSG00000112033	canonicalTarget	chembl	1.0
CID:11610599	ENSG00000163485	canonicalTarget	chembl	1.0
CID:1548943	ENSG00000196689	canonicalTarget	chembl	1.0
CID:15984937	ENSG00000102539	canonicalTarget	chembl	1.0
CID:16137271	ENSG00000171105	canonicalTarget	chembl	1.0
CID:189821	ENSG00000113580	canonicalTarget	chembl	1.0
CID:1993	ENSG00000133019	canonicalTarget	chembl	1.0
CID:208898	ENSG00000138622	canonicalTarget	chembl	1.0
CID:208898	ENSG00000123700	canonicalTarget	chembl	1.0
CID:2094	ENSG00000158125	canonicalTarget	chembl	1.0
CID:216466	ENSG00000163485	canonicalTarget	chembl	1.0
CID:2315	ENSG00000070915	canonicalTarget	chembl	1.0
CID:23650961	ENSG00000134489	canonicalTarget	chembl	1.0
CID:23897	ENSG00000102468	canonicalTarget	chembl	1.0
CID:23897	ENSG00000149295	canonicalTarget	chembl	1.0
CID:24963252	ENSG00000126934	canonicalTarget	chembl	1.0
CID:24963252	ENSG00000169032	canonicalTarget	chembl	1.0
CID:25031915	ENSG00000077782	canonicalTarget	chembl	1.0
CID:25031915	ENSG00000066468	canonicalTarget	chembl	1.0
CID:3108	ENSG00000112759	canonicalTarget	chembl	1.0
CID:3385	ENSG00000176890	canonicalTarget	chembl	1.0
CID:3827	ENSG00000196639	canonicalTarget	chembl	1.0
CID:4011	ENSG00000103546	canonicalTarget	chembl	1.0
CID:4167	ENSG00000168539	canonicalTarget	chembl	1.0
CID:4168	ENSG00000166736	canonicalTarget	chembl	1.0
CID:4168	ENSG00000164270	canonicalTarget	chembl	1.0
CID:4168	ENSG00000149295	canonicalTarget	chembl	1.0
CID:44158492	ENSG00000183134	canonicalTarget	chembl	1.0
CID:443936	ENSG00000113580	canonicalTarget	chembl	1.0
CID:46213929	ENSG00000096968	canonicalTarget	chembl	1.0
CID:46926350	ENSG00000136807	canonicalTarget	chembl	1.0
CID:46926350	ENSG00000164885	canonicalTarget	chembl	1.0
CID:46926350	ENSG00000123374	canonicalTarget	chembl	1.0
CID:46926350	ENSG00000170312	canonicalTarget	chembl	1.0
CID:4969	ENSG00000169252	canonicalTarget	chembl	1.0
CID:5280795	ENSG00000111424	canonicalTarget	chembl	1.0
CID:5281104	ENSG00000111424	canonicalTarget	chembl	1.0
CID:5282494	ENSG00000113580	canonicalTarget	chembl	1.0
CID:5289549	ENSG00000111424	canonicalTarget	chembl	1.0
CID:5310939	ENSG00000084207	canonicalTarget	chembl	1.0
CID:5312125	ENSG00000120907	canonicalTarget	chembl	1.0
CID:5329102	ENSG00000122025	canonicalTarget	chembl	1.0
CID:5329102	ENSG00000182578	canonicalTarget	chembl	1.0
CID:5329102	ENSG00000157404	canonicalTarget	chembl	1.0
CID:5329102	ENSG00000165731	canonicalTarget	chembl	1.0
CID:5358	ENSG00000179546	canonicalTarget	chembl	1.0
CID:5358	ENSG00000135312	canonicalTarget	chembl	1.0
CID:54454	ENSG00000113161	canonicalTarget	chembl	1.0
CID:5493444	ENSG00000143839	canonicalTarget	chembl	1.0
CID:55245	ENSG00000082175	canonicalTarget	chembl	1.0
CID:55245	ENSG00000113580	canonicalTarget	chembl	1.0
CID:5749	ENSG00000168539	canonicalTarget	chembl	1.0
CID:5749	ENSG00000133019	canonicalTarget	chembl	1.0
CID:6726	ENSG00000196639	canonicalTarget	chembl	1.0
CID:72734326	ENSG00000102539	canonicalTarget	chembl	1.0
CID:9808844	ENSG00000037280	canonicalTarget	chembl	1.0
CID:9808844	ENSG00000113721	canonicalTarget	chembl	1.0
CID:9808844	ENSG00000128052	canonicalTarget	chembl	1.0
CID:9808844	ENSG00000157404	canonicalTarget	chembl	1.0
CID:9939609	ENSG00000146070	canonicalTarget	chembl	1.0
CID:10026128	ENSG00000012504	canonicalTarget	chembl	1.0
CID:10127622	ENSG00000126934	canonicalTarget	chembl	1.0
CID:10127622	ENSG00000169032	canonicalTarget	chembl	1.0
CID:10548	ENSG00000087085	canonicalTarget	chembl	1.0
CID:11292191	ENSG00000183134	canonicalTarget	chembl	1.0
CID:11372270	ENSG00000180871	canonicalTarget	chembl	1.0
CID:11372270	ENSG00000163464	canonicalTarget	chembl	1.0
CID:11387605	ENSG00000254087	canonicalTarget	chembl	1.0
CID:11387605	ENSG00000097007	canonicalTarget	chembl	1.0
CID:11409972	ENSG00000122025	canonicalTarget	chembl	1.0
CID:11409972	ENSG00000165731	canonicalTarget	chembl	1.0
CID:11430856	ENSG00000178394	canonicalTarget	chembl	1.0
CID:11438771	ENSG00000168959	canonicalTarget	chembl	1.0
CID:11494412	ENSG00000105976	canonicalTarget	chembl	1.0
CID:11547499	ENSG00000089041	canonicalTarget	chembl	1.0
CID:11570626	ENSG00000215644	canonicalTarget	chembl	1.0
CID:11697697	ENSG00000101180	canonicalTarget	chembl	1.0
CID:148201	ENSG00000085563	canonicalTarget	chembl	1.0
CID:153999	ENSG00000166501	canonicalTarget	chembl	1.0
CID:15983966	ENSG00000166851	canonicalTarget	chembl	1.0
CID:16134409	ENSG00000109163	canonicalTarget	chembl	1.0
CID:16757521	ENSG00000114859	canonicalTarget	chembl	1.0
CID:16960	ENSG00000196639	canonicalTarget	chembl	1.0
CID:2131	ENSG00000087085	canonicalTarget	chembl	1.0
CID:21700	ENSG00000113580	canonicalTarget	chembl	1.0
CID:3035850	ENSG00000282608	canonicalTarget	chembl	1.0
CID:3052762	ENSG00000164270	canonicalTarget	chembl	1.0
CID:3341	ENSG00000184845	canonicalTarget	chembl	1.0
CID:34359	ENSG00000132437	canonicalTarget	chembl	1.0
CID:4095	ENSG00000112038	canonicalTarget	chembl	1.0
CID:44187367	ENSG00000128602	canonicalTarget	chembl	1.0
CID:444031	ENSG00000133019	canonicalTarget	chembl	1.0
CID:444031	ENSG00000181072	canonicalTarget	chembl	1.0
CID:49871007	ENSG00000160791	canonicalTarget	chembl	1.0
CID:5289419	ENSG00000123374	canonicalTarget	chembl	1.0
CID:5311027	ENSG00000122420	canonicalTarget	chembl	1.0
CID:5311066	ENSG00000113580	canonicalTarget	chembl	1.0
CID:5790	ENSG00000176890	canonicalTarget	chembl	1.0
CID:657298	ENSG00000115705	canonicalTarget	chembl	1.0
CID:6918388	ENSG00000149295	canonicalTarget	chembl	1.0
CID:6918388	ENSG00000178394	canonicalTarget	chembl	1.0
CID:6918736	ENSG00000181104	canonicalTarget	chembl	1.0
CID:71329	ENSG00000055118	canonicalTarget	chembl	1.0
CID:71484494	ENSG00000112038	canonicalTarget	chembl	1.0
CID:9804938	ENSG00000121853	canonicalTarget	chembl	1.0
CID:9820073	ENSG00000073756	canonicalTarget	chembl	1.0
CID:9838022	ENSG00000103546	canonicalTarget	chembl	1.0
CID:9838022	ENSG00000112038	canonicalTarget	chembl	1.0
CID:9874248	ENSG00000079459	canonicalTarget	chembl	1.0
CID:9889200	ENSG00000132170	canonicalTarget	chembl	1.0
CID:9939892	ENSG00000125255	canonicalTarget	chembl	1.0
CID:11186829	ENSG00000103546	canonicalTarget	chembl	1.0
CID:11504295	ENSG00000169252	canonicalTarget	chembl	1.0
CID:11596613	ENSG00000276191	canonicalTarget	chembl	1.0
CID:11596613	ENSG00000278232	canonicalTarget	chembl	1.0
CID:11596613	ENSG00000120088	canonicalTarget	chembl	1.0
CID:11625818	ENSG00000171608	canonicalTarget	chembl	1.0
CID:11634973	ENSG00000180914	canonicalTarget	chembl	1.0
CID:11667832	ENSG00000112038	canonicalTarget	chembl	1.0
CID:11998575	ENSG00000198793	canonicalTarget	chembl	1.0
CID:16220172	ENSG00000001626	canonicalTarget	chembl	1.0
CID:208951	ENSG00000178394	canonicalTarget	chembl	1.0
CID:208951	ENSG00000149295	canonicalTarget	chembl	1.0
CID:2157	ENSG00000055118	canonicalTarget	chembl	1.0
CID:216237	ENSG00000126895	canonicalTarget	chembl	1.0
CID:216249	ENSG00000120907	canonicalTarget	chembl	1.0
CID:2247	ENSG00000196639	canonicalTarget	chembl	1.0
CID:23582412	ENSG00000183134	canonicalTarget	chembl	1.0
CID:25254071	ENSG00000198793	canonicalTarget	chembl	1.0
CID:2818	ENSG00000149295	canonicalTarget	chembl	1.0
CID:2818	ENSG00000102468	canonicalTarget	chembl	1.0
CID:3033637	ENSG00000113749	canonicalTarget	chembl	1.0
CID:3035016	ENSG00000131747	canonicalTarget	chembl	1.0
CID:3055171	ENSG00000178394	canonicalTarget	chembl	1.0
CID:3082555	ENSG00000163485	canonicalTarget	chembl	1.0
CID:3182	ENSG00000172572	canonicalTarget	chembl	1.0
CID:3518	ENSG00000103546	canonicalTarget	chembl	1.0
CID:39147	ENSG00000169252	canonicalTarget	chembl	1.0
CID:400769	ENSG00000132170	canonicalTarget	chembl	1.0
CID:400769	ENSG00000104365	canonicalTarget	chembl	1.0
CID:4158	ENSG00000276996	canonicalTarget	chembl	1.0
CID:4158	ENSG00000142319	canonicalTarget	chembl	1.0
CID:4158	ENSG00000103546	canonicalTarget	chembl	1.0
CID:43815	ENSG00000108576	canonicalTarget	chembl	1.0
CID:444036	ENSG00000113580	canonicalTarget	chembl	1.0
CID:44472635	ENSG00000188778	canonicalTarget	chembl	1.0
CID:4634	ENSG00000181072	canonicalTarget	chembl	1.0
CID:4634	ENSG00000133019	canonicalTarget	chembl	1.0
CID:46885626	ENSG00000105146	canonicalTarget	chembl	1.0
CID:46885626	ENSG00000178999	canonicalTarget	chembl	1.0
CID:50922675	ENSG00000157764	canonicalTarget	chembl	1.0
CID:51263	ENSG00000112038	canonicalTarget	chembl	1.0
CID:5245	ENSG00000160752	canonicalTarget	chembl	1.0
CID:5281034	ENSG00000169083	canonicalTarget	chembl	1.0
CID:5568	ENSG00000149295	canonicalTarget	chembl	1.0
CID:57662985	ENSG00000128602	canonicalTarget	chembl	1.0
CID:5865	ENSG00000113580	canonicalTarget	chembl	1.0
CID:5870	ENSG00000091831	canonicalTarget	chembl	1.0
CID:6010	ENSG00000169083	canonicalTarget	chembl	1.0
CID:6216	ENSG00000113580	canonicalTarget	chembl	1.0
CID:6323266	ENSG00000025708	canonicalTarget	chembl	1.0
CID:6337614	ENSG00000166736	canonicalTarget	chembl	1.0
CID:6446	ENSG00000169083	canonicalTarget	chembl	1.0
CID:667476	ENSG00000091831	canonicalTarget	chembl	1.0
CID:6918403	ENSG00000146648	canonicalTarget	chembl	1.0
CID:7029	ENSG00000103546	canonicalTarget	chembl	1.0
CID:7029	ENSG00000276996	canonicalTarget	chembl	1.0
CID:7029	ENSG00000142319	canonicalTarget	chembl	1.0
CID:70689318	ENSG00000162009	canonicalTarget	chembl	1.0
CID:70689318	ENSG00000278195	canonicalTarget	chembl	1.0
CID:70689318	ENSG00000180616	canonicalTarget	chembl	1.0
CID:71885	ENSG00000118432	canonicalTarget	chembl	1.0
CID:71885	ENSG00000188822	canonicalTarget	chembl	1.0
CID:77999	ENSG00000132170	canonicalTarget	chembl	1.0
CID:92722	ENSG00000180210	canonicalTarget	chembl	1.0
CID:9795739	ENSG00000149295	canonicalTarget	chembl	1.0
CID:9806190	ENSG00000082175	canonicalTarget	chembl	1.0
CID:9818306	ENSG00000091831	canonicalTarget	chembl	1.0
CID:9838712	ENSG00000163464	canonicalTarget	chembl	1.0
CID:9838712	ENSG00000180871	canonicalTarget	chembl	1.0
CID:9875401	ENSG00000126218	canonicalTarget	chembl	1.0
CID:9910224	ENSG00000151617	canonicalTarget	chembl	1.0
CID:99479	ENSG00000169083	canonicalTarget	chembl	1.0
CID:9963057	ENSG00000169252	canonicalTarget	chembl	1.0
CID:10297982	ENSG00000112062	canonicalTarget	chembl	1.0
CID:11614352	ENSG00000160791	canonicalTarget	chembl	1.0
CID:11993702	ENSG00000166603	canonicalTarget	chembl	1.0
CID:125017	ENSG00000108576	canonicalTarget	chembl	1.0
CID:125017	ENSG00000103546	canonicalTarget	chembl	1.0
CID:126941	ENSG00000228716	canonicalTarget	chembl	1.0
CID:151174	ENSG00000151617	canonicalTarget	chembl	1.0
CID:151174	ENSG00000136160	canonicalTarget	chembl	1.0
CID:159594	ENSG00000151617	canonicalTarget	chembl	1.0
CID:16005981	ENSG00000175344	canonicalTarget	chembl	1.0
CID:16734800	ENSG00000131408	canonicalTarget	chembl	1.0
CID:16734800	ENSG00000025434	canonicalTarget	chembl	1.0
CID:172997	ENSG00000126895	canonicalTarget	chembl	1.0
CID:177941	ENSG00000213903	canonicalTarget	chembl	1.0
CID:177941	ENSG00000132170	canonicalTarget	chembl	1.0
CID:1983	ENSG00000117480	canonicalTarget	chembl	1.0
CID:1983	ENSG00000196689	canonicalTarget	chembl	1.0
CID:20299	ENSG00000133019	canonicalTarget	chembl	1.0
CID:20299	ENSG00000168539	canonicalTarget	chembl	1.0
CID:2444	ENSG00000196639	canonicalTarget	chembl	1.0
CID:24752296	ENSG00000196689	canonicalTarget	chembl	1.0
CID:24794418	ENSG00000105976	canonicalTarget	chembl	1.0
CID:25117126	ENSG00000169398	canonicalTarget	chembl	1.0
CID:25117126	ENSG00000120899	canonicalTarget	chembl	1.0
CID:2578	ENSG00000104687	canonicalTarget	chembl	1.0
CID:3100	ENSG00000196639	canonicalTarget	chembl	1.0
CID:31477	ENSG00000169252	canonicalTarget	chembl	1.0
CID:34328	ENSG00000112038	canonicalTarget	chembl	1.0
CID:35330	ENSG00000169252	canonicalTarget	chembl	1.0
CID:441404	ENSG00000169083	canonicalTarget	chembl	1.0
CID:44187362	ENSG00000169032	canonicalTarget	chembl	1.0
CID:44187362	ENSG00000126934	canonicalTarget	chembl	1.0
CID:44462760	ENSG00000157764	canonicalTarget	chembl	1.0
CID:4829	ENSG00000132170	canonicalTarget	chembl	1.0
CID:5280793	ENSG00000111424	canonicalTarget	chembl	1.0
CID:5282411	ENSG00000160013	canonicalTarget	chembl	1.0
CID:5282443	ENSG00000196639	canonicalTarget	chembl	1.0
CID:5770	ENSG00000165646	canonicalTarget	chembl	1.0
CID:5936	ENSG00000087085	canonicalTarget	chembl	1.0
CID:59757974	ENSG00000097007	canonicalTarget	chembl	1.0
CID:59757974	ENSG00000140443	canonicalTarget	chembl	1.0
CID:60852	ENSG00000160752	canonicalTarget	chembl	1.0
CID:6279	ENSG00000082175	canonicalTarget	chembl	1.0
CID:6291	ENSG00000091831	canonicalTarget	chembl	1.0
CID:6445230	ENSG00000082556	canonicalTarget	chembl	1.0
CID:6918508	ENSG00000146648	canonicalTarget	chembl	1.0
CID:72078	ENSG00000113580	canonicalTarget	chembl	1.0
CID:9878913	ENSG00000142319	canonicalTarget	chembl	1.0
CID:9878913	ENSG00000103546	canonicalTarget	chembl	1.0
CID:9878913	ENSG00000102468	canonicalTarget	chembl	1.0
CID:9878913	ENSG00000120907	canonicalTarget	chembl	1.0
CID:9878913	ENSG00000276996	canonicalTarget	chembl	1.0
CID:9878913	ENSG00000108576	canonicalTarget	chembl	1.0
CID:9884366	ENSG00000276191	canonicalTarget	chembl	1.0
CID:9884366	ENSG00000278232	canonicalTarget	chembl	1.0
CID:9884366	ENSG00000120088	canonicalTarget	chembl	1.0
CID:9938840	ENSG00000006638	canonicalTarget	chembl	1.0
CID:10077130	ENSG00000181104	canonicalTarget	chembl	1.0
CID:11520894	ENSG00000198793	canonicalTarget	chembl	1.0
CID:11521822	ENSG00000135914	canonicalTarget	chembl	1.0
CID:11521822	ENSG00000102468	canonicalTarget	chembl	1.0
CID:11618368	ENSG00000128271	canonicalTarget	chembl	1.0
CID:11626560	ENSG00000171094	canonicalTarget	chembl	1.0
CID:11626560	ENSG00000105976	canonicalTarget	chembl	1.0
CID:14677	ENSG00000196639	canonicalTarget	chembl	1.0
CID:160355	ENSG00000136807	canonicalTarget	chembl	1.0
CID:160355	ENSG00000134058	canonicalTarget	chembl	1.0
CID:160355	ENSG00000277273	canonicalTarget	chembl	1.0
CID:160355	ENSG00000170312	canonicalTarget	chembl	1.0
CID:160355	ENSG00000123374	canonicalTarget	chembl	1.0
CID:160355	ENSG00000164885	canonicalTarget	chembl	1.0
CID:16722836	ENSG00000096968	canonicalTarget	chembl	1.0
CID:16722836	ENSG00000122025	canonicalTarget	chembl	1.0
CID:170364	ENSG00000132170	canonicalTarget	chembl	1.0
CID:2342	ENSG00000149295	canonicalTarget	chembl	1.0
CID:23649245	ENSG00000169836	canonicalTarget	chembl	1.0
CID:24779724	ENSG00000105976	canonicalTarget	chembl	1.0
CID:24785538	ENSG00000171105	canonicalTarget	chembl	1.0
CID:24785538	ENSG00000140443	canonicalTarget	chembl	1.0
CID:2540	ENSG00000144891	canonicalTarget	chembl	1.0
CID:26133	ENSG00000113580	canonicalTarget	chembl	1.0
CID:33624	ENSG00000169252	canonicalTarget	chembl	1.0
CID:40973	ENSG00000082175	canonicalTarget	chembl	1.0
CID:441278	ENSG00000147955	canonicalTarget	chembl	1.0
CID:441407	ENSG00000113580	canonicalTarget	chembl	1.0
CID:44205240	ENSG00000096968	canonicalTarget	chembl	1.0
CID:44205240	ENSG00000162434	canonicalTarget	chembl	1.0
CID:44473151	ENSG00000132965	canonicalTarget	chembl	1.0
CID:4631	ENSG00000169252	canonicalTarget	chembl	1.0
CID:5284373	ENSG00000196262	canonicalTarget	chembl	1.0
CID:5284587	ENSG00000113580	canonicalTarget	chembl	1.0
CID:5288149	ENSG00000111424	canonicalTarget	chembl	1.0
CID:5311447	ENSG00000159640	canonicalTarget	chembl	1.0
CID:5328940	ENSG00000254087	canonicalTarget	chembl	1.0
CID:5328940	ENSG00000197122	canonicalTarget	chembl	1.0
CID:5328940	ENSG00000101336	canonicalTarget	chembl	1.0
CID:5328940	ENSG00000097007	canonicalTarget	chembl	1.0
CID:5353980	ENSG00000012779	canonicalTarget	chembl	1.0
CID:5353980	ENSG00000275565	canonicalTarget	chembl	1.0
CID:56949517	ENSG00000051382	canonicalTarget	chembl	1.0
CID:6438384	ENSG00000111424	canonicalTarget	chembl	1.0
CID:644019	ENSG00000118432	canonicalTarget	chembl	1.0
CID:6450813	ENSG00000022355	canonicalTarget	chembl	1.0
CID:65970	ENSG00000156113	canonicalTarget	chembl	1.0
CID:667490	ENSG00000128059	canonicalTarget	chembl	1.0
CID:6918331	ENSG00000115353	canonicalTarget	chembl	1.0
CID:70693500	ENSG00000070019	canonicalTarget	chembl	1.0
CID:71587953	ENSG00000066230	canonicalTarget	chembl	1.0
CID:92253	ENSG00000007314	canonicalTarget	chembl	1.0
CID:9865587	ENSG00000112062	canonicalTarget	chembl	1.0
CID:9869229	ENSG00000132170	canonicalTarget	chembl	1.0
CID:9874913	ENSG00000141736	canonicalTarget	chembl	1.0
CID:9897468	ENSG00000198793	canonicalTarget	chembl	1.0
CID:9910486	ENSG00000196689	canonicalTarget	chembl	1.0
CID:9933475	ENSG00000157404	canonicalTarget	chembl	1.0
CID:10345214	ENSG00000036828	canonicalTarget	chembl	1.0
CID:11156438	ENSG00000122420	canonicalTarget	chembl	1.0
CID:11485656	ENSG00000122025	canonicalTarget	chembl	1.0
CID:11485656	ENSG00000182578	canonicalTarget	chembl	1.0
CID:11516136	ENSG00000197635	canonicalTarget	chembl	1.0
CID:11519070	ENSG00000133019	canonicalTarget	chembl	1.0
CID:115237	ENSG00000102468	canonicalTarget	chembl	1.0
CID:115237	ENSG00000149295	canonicalTarget	chembl	1.0
CID:11572784	ENSG00000149295	canonicalTarget	chembl	1.0
CID:11656518	ENSG00000128052	canonicalTarget	chembl	1.0
CID:11656518	ENSG00000157764	canonicalTarget	chembl	1.0
CID:131682	ENSG00000069535	canonicalTarget	chembl	1.0
CID:15209	ENSG00000113580	canonicalTarget	chembl	1.0
CID:158797	ENSG00000036828	canonicalTarget	chembl	1.0
CID:16133802	ENSG00000185231	canonicalTarget	chembl	1.0
CID:176870	ENSG00000146648	canonicalTarget	chembl	1.0
CID:177236	ENSG00000136160	canonicalTarget	chembl	1.0
CID:177236	ENSG00000151617	canonicalTarget	chembl	1.0
CID:216239	ENSG00000165731	canonicalTarget	chembl	1.0
CID:216239	ENSG00000157404	canonicalTarget	chembl	1.0
CID:216239	ENSG00000113721	canonicalTarget	chembl	1.0
CID:216239	ENSG00000132155	canonicalTarget	chembl	1.0
CID:216239	ENSG00000122025	canonicalTarget	chembl	1.0
CID:216239	ENSG00000157764	canonicalTarget	chembl	1.0
CID:24199	ENSG00000133019	canonicalTarget	chembl	1.0
CID:24199	ENSG00000168539	canonicalTarget	chembl	1.0
CID:24889392	ENSG00000157404	canonicalTarget	chembl	1.0
CID:24889392	ENSG00000122025	canonicalTarget	chembl	1.0
CID:24889392	ENSG00000182578	canonicalTarget	chembl	1.0
CID:24889392	ENSG00000165731	canonicalTarget	chembl	1.0
CID:25147683	ENSG00000133019	canonicalTarget	chembl	1.0
CID:2720	ENSG00000070915	canonicalTarget	chembl	1.0
CID:2895	ENSG00000102468	canonicalTarget	chembl	1.0
CID:2910	ENSG00000070915	canonicalTarget	chembl	1.0
CID:3062316	ENSG00000157404	canonicalTarget	chembl	1.0
CID:3062316	ENSG00000142627	canonicalTarget	chembl	1.0
CID:3062316	ENSG00000097007	canonicalTarget	chembl	1.0
CID:3062316	ENSG00000113721	canonicalTarget	chembl	1.0
CID:3103	ENSG00000196639	canonicalTarget	chembl	1.0
CID:3121	ENSG00000112294	canonicalTarget	chembl	1.0
CID:3308	ENSG00000073756	canonicalTarget	chembl	1.0
CID:3339	ENSG00000186951	canonicalTarget	chembl	1.0
CID:3348	ENSG00000196639	canonicalTarget	chembl	1.0
CID:4100	ENSG00000168748	canonicalTarget	chembl	1.0
CID:4100	ENSG00000104267	canonicalTarget	chembl	1.0
CID:4100	ENSG00000133742	canonicalTarget	chembl	1.0
CID:4100	ENSG00000167434	canonicalTarget	chembl	1.0
CID:42113	ENSG00000082482	canonicalTarget	chembl	1.0
CID:42113	ENSG00000171303	canonicalTarget	chembl	1.0
CID:42113	ENSG00000100433	canonicalTarget	chembl	1.0
CID:42113	ENSG00000169427	canonicalTarget	chembl	1.0
CID:42113	ENSG00000186795	canonicalTarget	chembl	1.0
CID:44603362	ENSG00000162434	canonicalTarget	chembl	1.0
CID:44608567	ENSG00000131203	canonicalTarget	chembl	1.0
CID:451668	ENSG00000130816	canonicalTarget	chembl	1.0
CID:451668	ENSG00000119772	canonicalTarget	chembl	1.0
CID:5284570	ENSG00000112038	canonicalTarget	chembl	1.0
CID:5452	ENSG00000102468	canonicalTarget	chembl	1.0
CID:54680692	ENSG00000167397	canonicalTarget	chembl	1.0
CID:5493324	ENSG00000188778	canonicalTarget	chembl	1.0
CID:5572	ENSG00000168539	canonicalTarget	chembl	1.0
CID:5584	ENSG00000196639	canonicalTarget	chembl	1.0
CID:5584	ENSG00000102468	canonicalTarget	chembl	1.0
CID:5584	ENSG00000149295	canonicalTarget	chembl	1.0
CID:5584	ENSG00000103546	canonicalTarget	chembl	1.0
CID:5744	ENSG00000113580	canonicalTarget	chembl	1.0
CID:5826	ENSG00000103546	canonicalTarget	chembl	1.0
CID:5826	ENSG00000142319	canonicalTarget	chembl	1.0
CID:5826	ENSG00000165646	canonicalTarget	chembl	1.0
CID:5826	ENSG00000276996	canonicalTarget	chembl	1.0
CID:5832	ENSG00000082175	canonicalTarget	chembl	1.0
CID:6013	ENSG00000169083	canonicalTarget	chembl	1.0
CID:60700	ENSG00000184428	canonicalTarget	chembl	1.0
CID:65157	ENSG00000169083	canonicalTarget	chembl	1.0
CID:66553195	ENSG00000112038	canonicalTarget	chembl	1.0
CID:93055	ENSG00000113580	canonicalTarget	chembl	1.0
CID:941651	ENSG00000102468	canonicalTarget	chembl	1.0
CID:941651	ENSG00000149295	canonicalTarget	chembl	1.0
CID:9690109	ENSG00000276996	canonicalTarget	chembl	1.0
CID:9690109	ENSG00000142319	canonicalTarget	chembl	1.0
CID:9829523	ENSG00000128052	canonicalTarget	chembl	1.0
CID:9829523	ENSG00000157404	canonicalTarget	chembl	1.0
CID:9829523	ENSG00000122025	canonicalTarget	chembl	1.0
CID:9841854	ENSG00000133742	canonicalTarget	chembl	1.0
CID:9841854	ENSG00000104267	canonicalTarget	chembl	1.0
CID:9841854	ENSG00000073756	canonicalTarget	chembl	1.0
CID:9852519	ENSG00000117400	canonicalTarget	chembl	1.0
CID:9926001	ENSG00000136531	canonicalTarget	chembl	1.0
CID:9926001	ENSG00000148408	canonicalTarget	chembl	1.0
CID:9926001	ENSG00000153253	canonicalTarget	chembl	1.0
CID:9966051	ENSG00000166736	canonicalTarget	chembl	1.0
CID:9966051	ENSG00000178394	canonicalTarget	chembl	1.0
CID:9966051	ENSG00000108576	canonicalTarget	chembl	1.0
CID:10007	ENSG00000108576	canonicalTarget	chembl	1.0
CID:11597698	ENSG00000165646	canonicalTarget	chembl	1.0
CID:11597698	ENSG00000103546	canonicalTarget	chembl	1.0
CID:11597698	ENSG00000142319	canonicalTarget	chembl	1.0
CID:11597698	ENSG00000276996	canonicalTarget	chembl	1.0
CID:16078	ENSG00000118432	canonicalTarget	chembl	1.0
CID:188927	ENSG00000115353	canonicalTarget	chembl	1.0
CID:2170	ENSG00000103546	canonicalTarget	chembl	1.0
CID:2170	ENSG00000108576	canonicalTarget	chembl	1.0
CID:247839	ENSG00000113580	canonicalTarget	chembl	1.0
CID:24831714	ENSG00000140675	canonicalTarget	chembl	1.0
CID:24831714	ENSG00000100170	canonicalTarget	chembl	1.0
CID:3038522	ENSG00000122025	canonicalTarget	chembl	1.0
CID:3038522	ENSG00000157404	canonicalTarget	chembl	1.0
CID:3038522	ENSG00000113721	canonicalTarget	chembl	1.0
CID:3226	ENSG00000100433	canonicalTarget	chembl	1.0
CID:3226	ENSG00000082482	canonicalTarget	chembl	1.0
CID:3226	ENSG00000186795	canonicalTarget	chembl	1.0
CID:3226	ENSG00000169427	canonicalTarget	chembl	1.0
CID:3226	ENSG00000171303	canonicalTarget	chembl	1.0
CID:4097	ENSG00000113749	canonicalTarget	chembl	1.0
CID:4674	ENSG00000160752	canonicalTarget	chembl	1.0
CID:49848070	ENSG00000128602	canonicalTarget	chembl	1.0
CID:51049972	ENSG00000171189	canonicalTarget	chembl	1.0
CID:5311505	ENSG00000082175	canonicalTarget	chembl	1.0
CID:54732242	ENSG00000112038	canonicalTarget	chembl	1.0
CID:54841	ENSG00000103546	canonicalTarget	chembl	1.0
CID:5995	ENSG00000169083	canonicalTarget	chembl	1.0
CID:6307	ENSG00000070915	canonicalTarget	chembl	1.0
CID:63952	ENSG00000169252	canonicalTarget	chembl	1.0
CID:6714002	ENSG00000113580	canonicalTarget	chembl	1.0
CID:82153	ENSG00000113580	canonicalTarget	chembl	1.0
CID:84088	ENSG00000113580	canonicalTarget	chembl	1.0
CID:9051	ENSG00000082175	canonicalTarget	chembl	1.0
CID:9805719	ENSG00000164270	canonicalTarget	chembl	1.0
CID:9875516	ENSG00000175591	canonicalTarget	chembl	1.0
CID:9895468	ENSG00000198049	canonicalTarget	chembl	1.0
CID:9939040	ENSG00000115353	canonicalTarget	chembl	1.0
CID:10257882	ENSG00000151617	canonicalTarget	chembl	1.0
CID:10257882	ENSG00000144891	canonicalTarget	chembl	1.0
CID:10278470	ENSG00000118432	canonicalTarget	chembl	1.0
CID:110634	ENSG00000138735	canonicalTarget	chembl	1.0
CID:11223423	ENSG00000276191	canonicalTarget	chembl	1.0
CID:11223423	ENSG00000278232	canonicalTarget	chembl	1.0
CID:11223423	ENSG00000120088	canonicalTarget	chembl	1.0
CID:11640390	ENSG00000140443	canonicalTarget	chembl	1.0
CID:11640390	ENSG00000171105	canonicalTarget	chembl	1.0
CID:11949646	ENSG00000140675	canonicalTarget	chembl	1.0
CID:121396	ENSG00000021826	canonicalTarget	chembl	1.0
CID:148121	ENSG00000228716	canonicalTarget	chembl	1.0
CID:16046068	ENSG00000169432	canonicalTarget	chembl	1.0
CID:16129704	ENSG00000180210	canonicalTarget	chembl	1.0
CID:16186350	ENSG00000121966	canonicalTarget	chembl	1.0
CID:17754438	ENSG00000105976	canonicalTarget	chembl	1.0
CID:2099	ENSG00000166736	canonicalTarget	chembl	1.0
CID:21800	ENSG00000113580	canonicalTarget	chembl	1.0
CID:2197	ENSG00000115486	canonicalTarget	chembl	1.0
CID:25195495	ENSG00000121764	canonicalTarget	chembl	1.0
CID:25195495	ENSG00000137252	canonicalTarget	chembl	1.0
CID:259329	ENSG00000140009	canonicalTarget	chembl	1.0
CID:3038	ENSG00000133742	canonicalTarget	chembl	1.0
CID:3038	ENSG00000167434	canonicalTarget	chembl	1.0
CID:3038	ENSG00000074410	canonicalTarget	chembl	1.0
CID:3038	ENSG00000104267	canonicalTarget	chembl	1.0
CID:3055	ENSG00000168539	canonicalTarget	chembl	1.0
CID:311	ENSG00000133731	canonicalTarget	chembl	1.0
CID:3168	ENSG00000102468	canonicalTarget	chembl	1.0
CID:3241	ENSG00000196639	canonicalTarget	chembl	1.0
CID:3277	ENSG00000166206	canonicalTarget	chembl	1.0
CID:4121	ENSG00000070915	canonicalTarget	chembl	1.0
CID:443967	ENSG00000113580	canonicalTarget	chembl	1.0
CID:444254	ENSG00000257335	canonicalTarget	chembl	1.0
CID:444254	ENSG00000243480	canonicalTarget	chembl	1.0
CID:44599207	ENSG00000180739	canonicalTarget	chembl	1.0
CID:44599207	ENSG00000170989	canonicalTarget	chembl	1.0
CID:45100669	ENSG00000128602	canonicalTarget	chembl	1.0
CID:4659569	ENSG00000093010	canonicalTarget	chembl	1.0
CID:46700756	ENSG00000183765	canonicalTarget	chembl	1.0
CID:46700756	ENSG00000149554	canonicalTarget	chembl	1.0
CID:4940	ENSG00000196639	canonicalTarget	chembl	1.0
CID:5280723	ENSG00000125384	canonicalTarget	chembl	1.0
CID:5280723	ENSG00000160951	canonicalTarget	chembl	1.0
CID:5280954	ENSG00000165646	canonicalTarget	chembl	1.0
CID:5281071	ENSG00000196639	canonicalTarget	chembl	1.0
CID:5282493	ENSG00000113580	canonicalTarget	chembl	1.0
CID:5287541	ENSG00000101846	canonicalTarget	chembl	1.0
CID:5360696	ENSG00000147955	canonicalTarget	chembl	1.0
CID:5360696	ENSG00000183454	canonicalTarget	chembl	1.0
CID:5757	ENSG00000091831	canonicalTarget	chembl	1.0
CID:5991	ENSG00000091831	canonicalTarget	chembl	1.0
CID:6509979	ENSG00000088832	canonicalTarget	chembl	1.0
CID:68165256	ENSG00000171094	canonicalTarget	chembl	1.0
CID:68165256	ENSG00000146648	canonicalTarget	chembl	1.0
CID:9813414	ENSG00000103546	canonicalTarget	chembl	1.0
CID:9813414	ENSG00000108576	canonicalTarget	chembl	1.0
CID:9813414	ENSG00000112038	canonicalTarget	chembl	1.0
CID:9849616	ENSG00000118432	canonicalTarget	chembl	1.0
CID:9869929	ENSG00000138735	canonicalTarget	chembl	1.0
CID:9871074	ENSG00000112062	canonicalTarget	chembl	1.0
CID:10184653	ENSG00000141736	canonicalTarget	chembl	1.0
CID:10184653	ENSG00000146648	canonicalTarget	chembl	1.0
CID:10184653	ENSG00000178568	canonicalTarget	chembl	1.0
CID:10253143	ENSG00000188822	canonicalTarget	chembl	1.0
CID:10427712	ENSG00000105851	canonicalTarget	chembl	1.0
CID:10427712	ENSG00000171608	canonicalTarget	chembl	1.0
CID:10531	ENSG00000179546	canonicalTarget	chembl	1.0
CID:11213558	ENSG00000165025	canonicalTarget	chembl	1.0
CID:11243969	ENSG00000197635	canonicalTarget	chembl	1.0
CID:11462174	ENSG00000183134	canonicalTarget	chembl	1.0
CID:11497983	ENSG00000178999	canonicalTarget	chembl	1.0
CID:11610526	ENSG00000179097	canonicalTarget	chembl	1.0
CID:11707110	ENSG00000126934	canonicalTarget	chembl	1.0
CID:11707110	ENSG00000169032	canonicalTarget	chembl	1.0
CID:11751922	ENSG00000120156	canonicalTarget	chembl	1.0
CID:126565	ENSG00000122025	canonicalTarget	chembl	1.0
CID:126565	ENSG00000165731	canonicalTarget	chembl	1.0
CID:126565	ENSG00000148053	canonicalTarget	chembl	1.0
CID:126565	ENSG00000140538	canonicalTarget	chembl	1.0
CID:126565	ENSG00000198400	canonicalTarget	chembl	1.0
CID:126565	ENSG00000096968	canonicalTarget	chembl	1.0
CID:13791	ENSG00000091831	canonicalTarget	chembl	1.0
CID:16061509	ENSG00000101180	canonicalTarget	chembl	1.0
CID:16755766	ENSG00000175344	canonicalTarget	chembl	1.0
CID:19371515	ENSG00000196639	canonicalTarget	chembl	1.0
CID:204109	ENSG00000132170	canonicalTarget	chembl	1.0
CID:23653789	ENSG00000115353	canonicalTarget	chembl	1.0
CID:2471	ENSG00000074803	canonicalTarget	chembl	1.0
CID:24748573	ENSG00000101266	canonicalTarget	chembl	1.0
CID:24775005	ENSG00000128602	canonicalTarget	chembl	1.0
CID:24856436	ENSG00000166483	canonicalTarget	chembl	1.0
CID:24978538	ENSG00000171791	canonicalTarget	chembl	1.0
CID:24978538	ENSG00000171552	canonicalTarget	chembl	1.0
CID:24978538	ENSG00000258643	canonicalTarget	chembl	1.0
CID:24978538	ENSG00000129473	canonicalTarget	chembl	1.0
CID:3202	ENSG00000087085	canonicalTarget	chembl	1.0
CID:3463	ENSG00000186951	canonicalTarget	chembl	1.0
CID:36811	ENSG00000169252	canonicalTarget	chembl	1.0
CID:3899	ENSG00000102967	canonicalTarget	chembl	1.0
CID:39860	ENSG00000118432	canonicalTarget	chembl	1.0
CID:41781	ENSG00000074803	canonicalTarget	chembl	1.0
CID:4197	ENSG00000172572	canonicalTarget	chembl	1.0
CID:42642654	ENSG00000169032	canonicalTarget	chembl	1.0
CID:443943	ENSG00000113580	canonicalTarget	chembl	1.0
CID:444025	ENSG00000113580	canonicalTarget	chembl	1.0
CID:447715	ENSG00000012504	canonicalTarget	chembl	1.0
CID:49836058	ENSG00000087237	canonicalTarget	chembl	1.0
CID:4992	ENSG00000196639	canonicalTarget	chembl	1.0
CID:51634	ENSG00000148154	canonicalTarget	chembl	1.0
CID:5288783	ENSG00000111424	canonicalTarget	chembl	1.0
CID:5311271	ENSG00000102468	canonicalTarget	chembl	1.0
CID:5327067	ENSG00000112062	canonicalTarget	chembl	1.0
CID:53330936	ENSG00000166148	canonicalTarget	chembl	1.0
CID:54677470	ENSG00000073756	canonicalTarget	chembl	1.0
CID:5526	ENSG00000122194	canonicalTarget	chembl	1.0
CID:56931136	ENSG00000157764	canonicalTarget	chembl	1.0
CID:56931136	ENSG00000132155	canonicalTarget	chembl	1.0
CID:5743	ENSG00000113580	canonicalTarget	chembl	1.0
CID:5876	ENSG00000113580	canonicalTarget	chembl	1.0
CID:60846	ENSG00000144891	canonicalTarget	chembl	1.0
CID:65999	ENSG00000144891	canonicalTarget	chembl	1.0
CID:9416	ENSG00000169083	canonicalTarget	chembl	1.0
CID:9826528	ENSG00000169032	canonicalTarget	chembl	1.0
CID:9826528	ENSG00000126934	canonicalTarget	chembl	1.0
CID:9871420	ENSG00000140675	canonicalTarget	chembl	1.0
CID:9888484	ENSG00000132170	canonicalTarget	chembl	1.0
CID:9888484	ENSG00000186951	canonicalTarget	chembl	1.0
CID:9936489	ENSG00000163485	canonicalTarget	chembl	1.0
CID:10113978	ENSG00000182578	canonicalTarget	chembl	1.0
CID:10113978	ENSG00000113263	canonicalTarget	chembl	1.0
CID:10113978	ENSG00000068078	canonicalTarget	chembl	1.0
CID:10113978	ENSG00000077782	canonicalTarget	chembl	1.0
CID:10113978	ENSG00000182866	canonicalTarget	chembl	1.0
CID:10113978	ENSG00000157404	canonicalTarget	chembl	1.0
CID:10173280	ENSG00000181408	canonicalTarget	chembl	1.0
CID:10274777	ENSG00000186951	canonicalTarget	chembl	1.0
CID:10274777	ENSG00000132170	canonicalTarget	chembl	1.0
CID:10288191	ENSG00000126934	canonicalTarget	chembl	1.0
CID:10288191	ENSG00000169032	canonicalTarget	chembl	1.0
CID:10331863	ENSG00000168959	canonicalTarget	chembl	1.0
CID:11273179	ENSG00000169313	canonicalTarget	chembl	1.0
CID:11285002	ENSG00000134058	canonicalTarget	chembl	1.0
CID:11285002	ENSG00000136807	canonicalTarget	chembl	1.0
CID:11285002	ENSG00000135446	canonicalTarget	chembl	1.0
CID:11285002	ENSG00000277273	canonicalTarget	chembl	1.0
CID:11285002	ENSG00000170312	canonicalTarget	chembl	1.0
CID:11285002	ENSG00000123374	canonicalTarget	chembl	1.0
CID:11285002	ENSG00000164885	canonicalTarget	chembl	1.0
CID:11527495	ENSG00000075073	canonicalTarget	chembl	1.0
CID:11667893	ENSG00000165731	canonicalTarget	chembl	1.0
CID:11667893	ENSG00000157404	canonicalTarget	chembl	1.0
CID:11978813	ENSG00000149295	canonicalTarget	chembl	1.0
CID:11978813	ENSG00000178394	canonicalTarget	chembl	1.0
CID:11978813	ENSG00000102468	canonicalTarget	chembl	1.0
CID:13765	ENSG00000169083	canonicalTarget	chembl	1.0
CID:151194	ENSG00000182578	canonicalTarget	chembl	1.0
CID:151194	ENSG00000157404	canonicalTarget	chembl	1.0
CID:15983988	ENSG00000197635	canonicalTarget	chembl	1.0
CID:16119086	ENSG00000101180	canonicalTarget	chembl	1.0
CID:17676	ENSG00000149295	canonicalTarget	chembl	1.0
CID:214350	ENSG00000075043	canonicalTarget	chembl	1.0
CID:214350	ENSG00000156113	canonicalTarget	chembl	1.0
CID:214350	ENSG00000185760	canonicalTarget	chembl	1.0
CID:214350	ENSG00000117013	canonicalTarget	chembl	1.0
CID:21874557	ENSG00000128271	canonicalTarget	chembl	1.0
CID:22049997	ENSG00000112062	canonicalTarget	chembl	1.0
CID:224004	ENSG00000169083	canonicalTarget	chembl	1.0
CID:24864821	ENSG00000105976	canonicalTarget	chembl	1.0
CID:24963749	ENSG00000169083	canonicalTarget	chembl	1.0
CID:2754	ENSG00000172572	canonicalTarget	chembl	1.0
CID:2995	ENSG00000103546	canonicalTarget	chembl	1.0
CID:3055168	ENSG00000132170	canonicalTarget	chembl	1.0
CID:3388	ENSG00000149295	canonicalTarget	chembl	1.0
CID:3559	ENSG00000102468	canonicalTarget	chembl	1.0
CID:4212	ENSG00000131747	canonicalTarget	chembl	1.0
CID:44137946	ENSG00000105976	canonicalTarget	chembl	1.0
CID:443958	ENSG00000113580	canonicalTarget	chembl	1.0
CID:4440	ENSG00000179546	canonicalTarget	chembl	1.0
CID:4440	ENSG00000135312	canonicalTarget	chembl	1.0
CID:46184405	ENSG00000181019	canonicalTarget	chembl	1.0
CID:46220502	ENSG00000105810	canonicalTarget	chembl	1.0
CID:46220502	ENSG00000135446	canonicalTarget	chembl	1.0
CID:46848036	ENSG00000097007	canonicalTarget	chembl	1.0
CID:4760	ENSG00000167397	canonicalTarget	chembl	1.0
CID:4845	ENSG00000169252	canonicalTarget	chembl	1.0
CID:4870	ENSG00000070915	canonicalTarget	chembl	1.0
CID:4917	ENSG00000149295	canonicalTarget	chembl	1.0
CID:5281107	ENSG00000111424	canonicalTarget	chembl	1.0
CID:5282340	ENSG00000278232	canonicalTarget	chembl	1.0
CID:5282340	ENSG00000120088	canonicalTarget	chembl	1.0
CID:5282340	ENSG00000276191	canonicalTarget	chembl	1.0
CID:5284603	ENSG00000112038	canonicalTarget	chembl	1.0
CID:5287969	ENSG00000136807	canonicalTarget	chembl	1.0
CID:5287969	ENSG00000134058	canonicalTarget	chembl	1.0
CID:5287969	ENSG00000105810	canonicalTarget	chembl	1.0
CID:5287969	ENSG00000123374	canonicalTarget	chembl	1.0
CID:5287969	ENSG00000277273	canonicalTarget	chembl	1.0
CID:5287969	ENSG00000170312	canonicalTarget	chembl	1.0
CID:5287969	ENSG00000135446	canonicalTarget	chembl	1.0
CID:5484727	ENSG00000159640	canonicalTarget	chembl	1.0
CID:5504	ENSG00000113749	canonicalTarget	chembl	1.0
CID:5504	ENSG00000196639	canonicalTarget	chembl	1.0
CID:5745207	ENSG00000148408	canonicalTarget	chembl	1.0
CID:5745207	ENSG00000069535	canonicalTarget	chembl	1.0
CID:5755	ENSG00000113580	canonicalTarget	chembl	1.0
CID:6918289	ENSG00000088832	canonicalTarget	chembl	1.0
CID:71496458	ENSG00000146648	canonicalTarget	chembl	1.0
CID:71533696	ENSG00000164082	canonicalTarget	chembl	1.0
CID:71533696	ENSG00000198822	canonicalTarget	chembl	1.0
CID:9782	ENSG00000113580	canonicalTarget	chembl	1.0
CID:9825285	ENSG00000144891	canonicalTarget	chembl	1.0
CID:9865384	ENSG00000178394	canonicalTarget	chembl	1.0
CID:9865515	ENSG00000116478	canonicalTarget	chembl	1.0
CID:9865515	ENSG00000147099	canonicalTarget	chembl	1.0
CID:9865515	ENSG00000163517	canonicalTarget	chembl	1.0
CID:9865515	ENSG00000196591	canonicalTarget	chembl	1.0
CID:9865515	ENSG00000171720	canonicalTarget	chembl	1.0
CID:9909438	ENSG00000186951	canonicalTarget	chembl	1.0
CID:9910098	ENSG00000128271	canonicalTarget	chembl	1.0
CID:9915743	ENSG00000141736	canonicalTarget	chembl	1.0
CID:9915743	ENSG00000146648	canonicalTarget	chembl	1.0
CID:9956726	ENSG00000186951	canonicalTarget	chembl	1.0
CID:10029385	ENSG00000082701	canonicalTarget	chembl	1.0
CID:10029385	ENSG00000105723	canonicalTarget	chembl	1.0
CID:10229498	ENSG00000132170	canonicalTarget	chembl	1.0
CID:11313622	ENSG00000082701	canonicalTarget	chembl	1.0
CID:11373432	ENSG00000112062	canonicalTarget	chembl	1.0
CID:11683	ENSG00000082175	canonicalTarget	chembl	1.0
CID:11701939	ENSG00000149295	canonicalTarget	chembl	1.0
CID:11953367	ENSG00000100739	canonicalTarget	chembl	1.0
CID:151171	ENSG00000166148	canonicalTarget	chembl	1.0
CID:151171	ENSG00000126895	canonicalTarget	chembl	1.0
CID:158784	ENSG00000149295	canonicalTarget	chembl	1.0
CID:158795	ENSG00000163485	canonicalTarget	chembl	1.0
CID:16136245	ENSG00000109163	canonicalTarget	chembl	1.0
CID:164522	ENSG00000196639	canonicalTarget	chembl	1.0
CID:16739650	ENSG00000122025	canonicalTarget	chembl	1.0
CID:16739650	ENSG00000096968	canonicalTarget	chembl	1.0
CID:16739650	ENSG00000134058	canonicalTarget	chembl	1.0
CID:16739650	ENSG00000277273	canonicalTarget	chembl	1.0
CID:16739650	ENSG00000136807	canonicalTarget	chembl	1.0
CID:16739650	ENSG00000123374	canonicalTarget	chembl	1.0
CID:16739650	ENSG00000170312	canonicalTarget	chembl	1.0
CID:178103	ENSG00000136160	canonicalTarget	chembl	1.0
CID:178103	ENSG00000151617	canonicalTarget	chembl	1.0
CID:19861	ENSG00000196639	canonicalTarget	chembl	1.0
CID:2083	ENSG00000169252	canonicalTarget	chembl	1.0
CID:2160	ENSG00000103546	canonicalTarget	chembl	1.0
CID:2160	ENSG00000108576	canonicalTarget	chembl	1.0
CID:2265	ENSG00000128059	canonicalTarget	chembl	1.0
CID:24872952	ENSG00000113580	canonicalTarget	chembl	1.0
CID:26987	ENSG00000196639	canonicalTarget	chembl	1.0
CID:2733	ENSG00000104783	canonicalTarget	chembl	1.0
CID:2796	ENSG00000186951	canonicalTarget	chembl	1.0
CID:3034010	ENSG00000182333	canonicalTarget	chembl	1.0
CID:3034010	ENSG00000175535	canonicalTarget	chembl	1.0
CID:3494	ENSG00000133019	canonicalTarget	chembl	1.0
CID:3494	ENSG00000168539	canonicalTarget	chembl	1.0
CID:5280453	ENSG00000111424	canonicalTarget	chembl	1.0
CID:5284627	ENSG00000104267	canonicalTarget	chembl	1.0
CID:5284627	ENSG00000167434	canonicalTarget	chembl	1.0
CID:5311037	ENSG00000128271	canonicalTarget	chembl	1.0
CID:56944144	ENSG00000121764	canonicalTarget	chembl	1.0
CID:56944144	ENSG00000137252	canonicalTarget	chembl	1.0
CID:5745214	ENSG00000112062	canonicalTarget	chembl	1.0
CID:5834	ENSG00000113580	canonicalTarget	chembl	1.0
CID:60857	ENSG00000135312	canonicalTarget	chembl	1.0
CID:60857	ENSG00000179546	canonicalTarget	chembl	1.0
CID:6324663	ENSG00000144891	canonicalTarget	chembl	1.0
CID:6451149	ENSG00000115353	canonicalTarget	chembl	1.0
CID:65856	ENSG00000103546	canonicalTarget	chembl	1.0
CID:6918558	ENSG00000133019	canonicalTarget	chembl	1.0
CID:6918558	ENSG00000181072	canonicalTarget	chembl	1.0
CID:71511839	ENSG00000036828	canonicalTarget	chembl	1.0
CID:9803828	ENSG00000171522	canonicalTarget	chembl	1.0
CID:9832383	ENSG00000115353	canonicalTarget	chembl	1.0
CID:9842252	ENSG00000196639	canonicalTarget	chembl	1.0
CID:9860294	ENSG00000128271	canonicalTarget	chembl	1.0
CID:9867758	ENSG00000131759	canonicalTarget	chembl	1.0
CID:10366136	ENSG00000122025	canonicalTarget	chembl	1.0
CID:11561692	ENSG00000163485	canonicalTarget	chembl	1.0
CID:11671467	ENSG00000165025	canonicalTarget	chembl	1.0
CID:123631	ENSG00000146648	canonicalTarget	chembl	1.0
CID:132999	ENSG00000138622	canonicalTarget	chembl	1.0
CID:146570	ENSG00000108576	canonicalTarget	chembl	1.0
CID:174174	ENSG00000133019	canonicalTarget	chembl	1.0
CID:174174	ENSG00000181072	canonicalTarget	chembl	1.0
CID:174174	ENSG00000168539	canonicalTarget	chembl	1.0
CID:219024	ENSG00000128271	canonicalTarget	chembl	1.0
CID:219090	ENSG00000115353	canonicalTarget	chembl	1.0
CID:229455	ENSG00000169083	canonicalTarget	chembl	1.0
CID:25074887	ENSG00000109163	canonicalTarget	chembl	1.0
CID:25126798	ENSG00000096968	canonicalTarget	chembl	1.0
CID:25126798	ENSG00000162434	canonicalTarget	chembl	1.0
CID:2581	ENSG00000073756	canonicalTarget	chembl	1.0
CID:2913	ENSG00000196639	canonicalTarget	chembl	1.0
CID:3001322	ENSG00000160791	canonicalTarget	chembl	1.0
CID:3009355	ENSG00000160791	canonicalTarget	chembl	1.0
CID:3081361	ENSG00000165731	canonicalTarget	chembl	1.0
CID:3081361	ENSG00000197122	canonicalTarget	chembl	1.0
CID:3081361	ENSG00000101213	canonicalTarget	chembl	1.0
CID:3081361	ENSG00000120156	canonicalTarget	chembl	1.0
CID:3902	ENSG00000137869	canonicalTarget	chembl	1.0
CID:4037	ENSG00000275565	canonicalTarget	chembl	1.0
CID:4037	ENSG00000012779	canonicalTarget	chembl	1.0
CID:444499	ENSG00000198805	canonicalTarget	chembl	1.0
CID:44454750	ENSG00000113580	canonicalTarget	chembl	1.0
CID:4543	ENSG00000108576	canonicalTarget	chembl	1.0
CID:4543	ENSG00000103546	canonicalTarget	chembl	1.0
CID:46199646	ENSG00000001626	canonicalTarget	chembl	1.0
CID:5035	ENSG00000140009	canonicalTarget	chembl	1.0
CID:50922691	ENSG00000096968	canonicalTarget	chembl	1.0
CID:5253	ENSG00000169252	canonicalTarget	chembl	1.0
CID:5253	ENSG00000055118	canonicalTarget	chembl	1.0
CID:5284643	ENSG00000196482	canonicalTarget	chembl	1.0
CID:5311	ENSG00000196591	canonicalTarget	chembl	1.0
CID:5311	ENSG00000116478	canonicalTarget	chembl	1.0
CID:5311	ENSG00000094631	canonicalTarget	chembl	1.0
CID:5311	ENSG00000171720	canonicalTarget	chembl	1.0
CID:5311017	ENSG00000103546	canonicalTarget	chembl	1.0
CID:5311017	ENSG00000165646	canonicalTarget	chembl	1.0
CID:53232	ENSG00000113161	canonicalTarget	chembl	1.0
CID:54687	ENSG00000113161	canonicalTarget	chembl	1.0
CID:5665	ENSG00000183044	canonicalTarget	chembl	1.0
CID:56959087	ENSG00000112038	canonicalTarget	chembl	1.0
CID:57335384	ENSG00000146648	canonicalTarget	chembl	1.0
CID:6231	ENSG00000082175	canonicalTarget	chembl	1.0
CID:667528	ENSG00000186350	canonicalTarget	chembl	1.0
CID:6918456	ENSG00000169313	canonicalTarget	chembl	1.0
CID:71481097	ENSG00000082898	canonicalTarget	chembl	1.0
CID:8944	ENSG00000112038	canonicalTarget	chembl	1.0
CID:8944	ENSG00000082556	canonicalTarget	chembl	1.0
CID:9403	ENSG00000091831	canonicalTarget	chembl	1.0
CID:9810101	ENSG00000121853	canonicalTarget	chembl	1.0
CID:9810101	ENSG00000160868	canonicalTarget	chembl	1.0
CID:9865528	ENSG00000188778	canonicalTarget	chembl	1.0
CID:9870520	ENSG00000110148	canonicalTarget	chembl	1.0
CID:9913767	ENSG00000160013	canonicalTarget	chembl	1.0
CID:9914857	ENSG00000115353	canonicalTarget	chembl	1.0
CID:9961435	ENSG00000105835	canonicalTarget	chembl	1.0
CID:10116877	ENSG00000178394	canonicalTarget	chembl	1.0
CID:10152654	ENSG00000143387	canonicalTarget	chembl	1.0
CID:10182969	ENSG00000126218	canonicalTarget	chembl	1.0
CID:10224267	ENSG00000106366	canonicalTarget	chembl	1.0
CID:10430360	ENSG00000050748	canonicalTarget	chembl	1.0
CID:10430360	ENSG00000107643	canonicalTarget	chembl	1.0
CID:10430360	ENSG00000109339	canonicalTarget	chembl	1.0
CID:10458325	ENSG00000146648	canonicalTarget	chembl	1.0
CID:10458325	ENSG00000196411	canonicalTarget	chembl	1.0
CID:10458325	ENSG00000141736	canonicalTarget	chembl	1.0
CID:11285792	ENSG00000160791	canonicalTarget	chembl	1.0
CID:11285792	ENSG00000121807	canonicalTarget	chembl	1.0
CID:11604525	ENSG00000102468	canonicalTarget	chembl	1.0
CID:119192	ENSG00000101188	canonicalTarget	chembl	1.0
CID:11962616	ENSG00000169252	canonicalTarget	chembl	1.0
CID:123683	ENSG00000282608	canonicalTarget	chembl	1.0
CID:123805	ENSG00000130368	canonicalTarget	chembl	1.0
CID:150311	ENSG00000015520	canonicalTarget	chembl	1.0
CID:15605092	ENSG00000055118	canonicalTarget	chembl	1.0
CID:15605092	ENSG00000183873	canonicalTarget	chembl	1.0
CID:16678941	ENSG00000001626	canonicalTarget	chembl	1.0
CID:197706	ENSG00000135312	canonicalTarget	chembl	1.0
CID:197706	ENSG00000179546	canonicalTarget	chembl	1.0
CID:197706	ENSG00000183134	canonicalTarget	chembl	1.0
CID:2088	ENSG00000160752	canonicalTarget	chembl	1.0
CID:216210	ENSG00000180210	canonicalTarget	chembl	1.0
CID:24812758	ENSG00000140675	canonicalTarget	chembl	1.0
CID:25118925	ENSG00000108443	canonicalTarget	chembl	1.0
CID:25167017	ENSG00000138160	canonicalTarget	chembl	1.0
CID:25171648	ENSG00000105976	canonicalTarget	chembl	1.0
CID:25195354	ENSG00000198822	canonicalTarget	chembl	1.0
CID:25195354	ENSG00000164082	canonicalTarget	chembl	1.0
CID:29435	ENSG00000171298	canonicalTarget	chembl	1.0
CID:3007	ENSG00000142319	canonicalTarget	chembl	1.0
CID:3007	ENSG00000103546	canonicalTarget	chembl	1.0
CID:3007	ENSG00000276996	canonicalTarget	chembl	1.0
CID:3038517	ENSG00000109163	canonicalTarget	chembl	1.0
CID:31307	ENSG00000113580	canonicalTarget	chembl	1.0
CID:31401	ENSG00000012504	canonicalTarget	chembl	1.0
CID:33036	ENSG00000196639	canonicalTarget	chembl	1.0
CID:3562	ENSG00000186795	canonicalTarget	chembl	1.0
CID:3562	ENSG00000169427	canonicalTarget	chembl	1.0
CID:3562	ENSG00000100433	canonicalTarget	chembl	1.0
CID:3562	ENSG00000082482	canonicalTarget	chembl	1.0
CID:3562	ENSG00000171303	canonicalTarget	chembl	1.0
CID:4205	ENSG00000102468	canonicalTarget	chembl	1.0
CID:439302	ENSG00000180914	canonicalTarget	chembl	1.0
CID:441314	ENSG00000257335	canonicalTarget	chembl	1.0
CID:441314	ENSG00000171298	canonicalTarget	chembl	1.0
CID:44819241	ENSG00000129484	canonicalTarget	chembl	1.0
CID:44819241	ENSG00000143799	canonicalTarget	chembl	1.0
CID:46911863	ENSG00000105976	canonicalTarget	chembl	1.0
CID:4911	ENSG00000197901	canonicalTarget	chembl	1.0
CID:4911	ENSG00000168065	canonicalTarget	chembl	1.0
CID:4911	ENSG00000149452	canonicalTarget	chembl	1.0
CID:5281037	ENSG00000144891	canonicalTarget	chembl	1.0
CID:5284616	ENSG00000088832	canonicalTarget	chembl	1.0
CID:5329098	ENSG00000157404	canonicalTarget	chembl	1.0
CID:5329099	ENSG00000128052	canonicalTarget	chembl	1.0
CID:5342	ENSG00000197891	canonicalTarget	chembl	1.0
CID:54576299	ENSG00000105976	canonicalTarget	chembl	1.0
CID:54576299	ENSG00000120156	canonicalTarget	chembl	1.0
CID:54576299	ENSG00000128052	canonicalTarget	chembl	1.0
CID:59422203	ENSG00000105639	canonicalTarget	chembl	1.0
CID:60198	ENSG00000137869	canonicalTarget	chembl	1.0
CID:6215	ENSG00000113580	canonicalTarget	chembl	1.0
CID:6439091	ENSG00000163485	canonicalTarget	chembl	1.0
CID:6442177	ENSG00000088832	canonicalTarget	chembl	1.0
CID:6604121	ENSG00000110148	canonicalTarget	chembl	1.0
CID:67763	ENSG00000105639	canonicalTarget	chembl	1.0
CID:67763	ENSG00000162434	canonicalTarget	chembl	1.0
CID:6918365	ENSG00000115353	canonicalTarget	chembl	1.0
CID:6918523	ENSG00000138735	canonicalTarget	chembl	1.0
CID:71360	ENSG00000102468	canonicalTarget	chembl	1.0
CID:71360	ENSG00000149295	canonicalTarget	chembl	1.0
CID:77993	ENSG00000179546	canonicalTarget	chembl	1.0
CID:77993	ENSG00000179097	canonicalTarget	chembl	1.0
CID:77993	ENSG00000135312	canonicalTarget	chembl	1.0
CID:9677	ENSG00000169083	canonicalTarget	chembl	1.0
CID:9828911	ENSG00000121853	canonicalTarget	chembl	1.0
CID:9831652	ENSG00000168398	canonicalTarget	chembl	1.0
CID:9854489	ENSG00000113580	canonicalTarget	chembl	1.0
CID:9868491	ENSG00000122420	canonicalTarget	chembl	1.0
CID:9892481	ENSG00000169252	canonicalTarget	chembl	1.0
