:START_ID	:END_ID	:TYPE	source	score
GO:0001671	GO:0032781	goComponentOf	go	1.0
GO:0004707	GO:0000165	goComponentOf	go	1.0
GO:0004784	GO:0019430	goComponentOf	go	1.0
GO:0004126	GO:0009972	goComponentOf	go	1.0
GO:0004550	GO:0006165	goComponentOf	go	1.0
GO:0005345	GO:1904823	goComponentOf	go	1.0
GO:0004705	GO:0007258	goComponentOf	go	1.0
GO:0004708	GO:0000165	goComponentOf	go	1.0
GO:0015081	GO:0035725	goComponentOf	go	1.0
GO:0015143	GO:0015747	goComponentOf	go	1.0
GO:0043225	GO:0099133	goComponentOf	go	1.0
GO:0034590	GO:0034589	goComponentOf	go	1.0
GO:0061134	GO:0052547	goComponentOf	go	1.0
GO:0019072	GO:0019068	goComponentOf	go	1.0
GO:0019080	GO:0019058	goComponentOf	go	1.0
GO:0006354	GO:0006351	goComponentOf	go	1.0
GO:0007062	GO:0000819	goComponentOf	go	1.0
GO:0044826	GO:0019058	goComponentOf	go	1.0
GO:0035036	GO:0007338	goComponentOf	go	1.0
GO:0043312	GO:0002446	goComponentOf	go	1.0
GO:0051204	GO:0070585	goComponentOf	go	1.0
GO:0038113	GO:0071355	goComponentOf	go	1.0
GO:0060218	GO:0030097	goComponentOf	go	1.0
GO:0097345	GO:0097190	goComponentOf	go	1.0
GO:0070126	GO:0032543	goComponentOf	go	1.0
GO:0070268	GO:0031424	goComponentOf	go	1.0
GO:1905349	GO:0060271	goComponentOf	go	1.0
GO:0005605	GO:0005604	goComponentOf	go	1.0
GO:0005758	GO:0005740	goComponentOf	go	1.0
GO:0005858	GO:0005930	goComponentOf	go	1.0
GO:0009279	GO:0030313	goComponentOf	go	1.0
GO:0030669	GO:0045334	goComponentOf	go	1.0
GO:0046930	GO:0016021	goComponentOf	go	1.0
GO:0072493	GO:0044174	goComponentOf	go	1.0
GO:0044445	GO:0005829	goComponentOf	go	1.0
GO:0033646	GO:0043656	goComponentOf	go	1.0
GO:0033643	GO:0043657	goComponentOf	go	1.0
GO:0033017	GO:0016529	goComponentOf	go	1.0
GO:0071556	GO:0098553	goComponentOf	go	1.0
GO:0098827	GO:0005783	goComponentOf	go	1.0
GO:0035580	GO:0042581	goComponentOf	go	1.0
GO:1990851	GO:0005886	goComponentOf	go	1.0
GO:0071256	GO:0030867	goComponentOf	go	1.0
GO:0071682	GO:0030139	goComponentOf	go	1.0
GO:0004012	GO:0045332	goComponentOf	go	1.0
GO:0003968	GO:0001172	goComponentOf	go	1.0
GO:0005385	GO:0071577	goComponentOf	go	1.0
GO:0008175	GO:0030488	goComponentOf	go	1.0
GO:0004849	GO:0006222	goComponentOf	go	1.0
GO:0008517	GO:0015884	goComponentOf	go	1.0
GO:0008424	GO:0036071	goComponentOf	go	1.0
GO:0017002	GO:0032924	goComponentOf	go	1.0
GO:0051786	GO:0042572	goComponentOf	go	1.0
GO:0090482	GO:0035461	goComponentOf	go	1.0
GO:0009887	GO:0048513	goComponentOf	go	1.0
GO:0001677	GO:0006413	goComponentOf	go	1.0
GO:0009790	GO:0007275	goComponentOf	go	1.0
GO:0006935	GO:0042221	goComponentOf	go	1.0
GO:0019371	GO:0001516	goComponentOf	go	1.0
GO:0006921	GO:0097194	goComponentOf	go	1.0
GO:0000070	GO:0140014	goComponentOf	go	1.0
GO:0000086	GO:0000278	goComponentOf	go	1.0
GO:0048207	GO:0006888	goComponentOf	go	1.0
GO:0048468	GO:0030154	goComponentOf	go	1.0
GO:0051319	GO:0051325	goComponentOf	go	1.0
GO:0001845	GO:0090382	goComponentOf	go	1.0
GO:0043087	GO:0032012	goComponentOf	go	1.0
GO:0051320	GO:0051325	goComponentOf	go	1.0
GO:0051304	GO:0007059	goComponentOf	go	1.0
GO:0051603	GO:0044257	goComponentOf	go	1.0
GO:0051817	GO:0044403	goComponentOf	go	1.0
GO:0051436	GO:0000278	goComponentOf	go	1.0
GO:0048812	GO:0031175	goComponentOf	go	1.0
GO:0034340	GO:0045087	goComponentOf	go	1.0
GO:0070102	GO:0071354	goComponentOf	go	1.0
GO:0098585	GO:0098584	goComponentOf	go	1.0
GO:0005789	GO:0098827	goComponentOf	go	1.0
GO:0000139	GO:0098791	goComponentOf	go	1.0
GO:0045244	GO:0005739	goComponentOf	go	1.0
GO:0031902	GO:0005770	goComponentOf	go	1.0
GO:0060201	GO:0060200	goComponentOf	go	1.0
GO:1903561	GO:0005576	goComponentOf	go	1.0
GO:0033162	GO:0045009	goComponentOf	go	1.0
GO:0046812	GO:0044764	goComponentOf	go	1.0
GO:0008514	GO:0015711	goComponentOf	go	1.0
GO:0004672	GO:0006468	goComponentOf	go	1.0
GO:0015149	GO:0008645	goComponentOf	go	1.0
GO:0003755	GO:0000413	goComponentOf	go	1.0
GO:0005085	GO:0043547	goComponentOf	go	1.0
GO:0003886	GO:0090116	goComponentOf	go	1.0
GO:0004743	GO:0006096	goComponentOf	go	1.0
GO:0000095	GO:1901962	goComponentOf	go	1.0
GO:0015187	GO:0015816	goComponentOf	go	1.0
GO:0015232	GO:0015886	goComponentOf	go	1.0
GO:0015234	GO:0071934	goComponentOf	go	1.0
GO:0016307	GO:0046854	goComponentOf	go	1.0
GO:0000295	GO:0051503	goComponentOf	go	1.0
GO:0036080	GO:0090480	goComponentOf	go	1.0
GO:0042800	GO:0051568	goComponentOf	go	1.0
GO:0006285	GO:0006284	goComponentOf	go	1.0
GO:0006286	GO:0006284	goComponentOf	go	1.0
GO:0006362	GO:0006360	goComponentOf	go	1.0
GO:0045184	GO:0008104	goComponentOf	go	1.0
GO:0048194	GO:0048193	goComponentOf	go	1.0
GO:0048513	GO:0048731	goComponentOf	go	1.0
GO:0051236	GO:0006403	goComponentOf	go	1.0
GO:0075509	GO:0046718	goComponentOf	go	1.0
GO:0031657	GO:0000082	goComponentOf	go	1.0
GO:0002244	GO:0030097	goComponentOf	go	1.0
GO:0098763	GO:0000278	goComponentOf	go	1.0
GO:0071163	GO:0033260	goComponentOf	go	1.0
GO:0097711	GO:0060271	goComponentOf	go	1.0
GO:0005654	GO:0031981	goComponentOf	go	1.0
GO:0030658	GO:0030133	goComponentOf	go	1.0
GO:0005794	GO:0012505	goComponentOf	go	1.0
GO:0005967	GO:0005759	goComponentOf	go	1.0
GO:0098584	GO:0044221	goComponentOf	go	1.0
GO:0044433	GO:0031410	goComponentOf	go	1.0
GO:0004857	GO:0043086	goComponentOf	go	1.0
GO:0004540	GO:0090501	goComponentOf	go	1.0
GO:0004536	GO:0006259	goComponentOf	go	1.0
GO:0004721	GO:0006470	goComponentOf	go	1.0
GO:0004520	GO:0000737	goComponentOf	go	1.0
GO:0004124	GO:0019344	goComponentOf	go	1.0
GO:0015174	GO:1990822	goComponentOf	go	1.0
GO:0015165	GO:0090481	goComponentOf	go	1.0
GO:0001736	GO:0001738	goComponentOf	go	1.0
GO:0019065	GO:0046718	goComponentOf	go	1.0
GO:0019221	GO:0071345	goComponentOf	go	1.0
GO:0019430	GO:0071451	goComponentOf	go	1.0
GO:0006288	GO:0006284	goComponentOf	go	1.0
GO:0006368	GO:0006366	goComponentOf	go	1.0
GO:0006393	GO:0006390	goComponentOf	go	1.0
GO:0007077	GO:0000278	goComponentOf	go	1.0
GO:0006489	GO:0006488	goComponentOf	go	1.0
GO:0006490	GO:0006488	goComponentOf	go	1.0
GO:0007411	GO:0007409	goComponentOf	go	1.0
GO:0002182	GO:0002181	goComponentOf	go	1.0
GO:0000910	GO:0051301	goComponentOf	go	1.0
GO:0046902	GO:0006839	goComponentOf	go	1.0
GO:0051235	GO:0051179	goComponentOf	go	1.0
GO:0051205	GO:0061024	goComponentOf	go	1.0
GO:1902402	GO:0044773	goComponentOf	go	1.0
GO:0071829	GO:0097006	goComponentOf	go	1.0
GO:0030867	GO:0005791	goComponentOf	go	1.0
GO:0031905	GO:0005769	goComponentOf	go	1.0
GO:0031968	GO:0031967	goComponentOf	go	1.0
GO:0044424	GO:0005622	goComponentOf	go	1.0
GO:0055029	GO:0005634	goComponentOf	go	1.0
GO:0033018	GO:0016529	goComponentOf	go	1.0
GO:0034592	GO:0008021	goComponentOf	go	1.0
GO:0097649	GO:0097545	goComponentOf	go	1.0
GO:0044167	GO:0033645	goComponentOf	go	1.0
GO:1990720	GO:0097540	goComponentOf	go	1.0
GO:1990719	GO:0097540	goComponentOf	go	1.0
GO:0061202	GO:0061200	goComponentOf	go	1.0
GO:0004521	GO:0090502	goComponentOf	go	1.0
GO:0004383	GO:0006182	goComponentOf	go	1.0
GO:0008417	GO:0036065	goComponentOf	go	1.0
GO:0003872	GO:0061615	goComponentOf	go	1.0
GO:0003899	GO:0032774	goComponentOf	go	1.0
GO:0015205	GO:0015851	goComponentOf	go	1.0
GO:0015175	GO:0015804	goComponentOf	go	1.0
GO:0015173	GO:0015801	goComponentOf	go	1.0
GO:0015220	GO:0015871	goComponentOf	go	1.0
GO:0004733	GO:0042823	goComponentOf	go	1.0
GO:0015111	GO:0015705	goComponentOf	go	1.0
GO:0015137	GO:0015746	goComponentOf	go	1.0
GO:0090416	GO:2001142	goComponentOf	go	1.0
GO:0035586	GO:0035587	goComponentOf	go	1.0
GO:0007165	GO:0007154	goComponentOf	go	1.0
GO:0006363	GO:0006360	goComponentOf	go	1.0
GO:0006385	GO:0006383	goComponentOf	go	1.0
GO:0006386	GO:0006383	goComponentOf	go	1.0
GO:0006414	GO:0006412	goComponentOf	go	1.0
GO:0007221	GO:0007219	goComponentOf	go	1.0
GO:0007596	GO:0042060	goComponentOf	go	1.0
GO:0030182	GO:0048699	goComponentOf	go	1.0
GO:0030205	GO:0050655	goComponentOf	go	1.0
GO:0030216	GO:0043588	goComponentOf	go	1.0
GO:0030855	GO:0060429	goComponentOf	go	1.0
GO:0051329	GO:0000278	goComponentOf	go	1.0
GO:0031018	GO:0035270	goComponentOf	go	1.0
GO:0048870	GO:0051674	goComponentOf	go	1.0
GO:0034381	GO:0097006	goComponentOf	go	1.0
GO:0070124	GO:0032543	goComponentOf	go	1.0
GO:0005635	GO:0012505	goComponentOf	go	1.0
GO:0005768	GO:0012505	goComponentOf	go	1.0
GO:0005930	GO:0097014	goComponentOf	go	1.0
GO:0030894	GO:0005657	goComponentOf	go	1.0
GO:0044435	GO:0009536	goComponentOf	go	1.0
GO:0044462	GO:0030312	goComponentOf	go	1.0
GO:0030133	GO:0012505	goComponentOf	go	1.0
GO:0044166	GO:0044165	goComponentOf	go	1.0
GO:1904724	GO:0070820	goComponentOf	go	1.0
GO:0005881	GO:0005737	goComponentOf	go	1.0
GO:0015078	GO:1902600	goComponentOf	go	1.0
GO:0004529	GO:0000738	goComponentOf	go	1.0
GO:0019200	GO:0046835	goComponentOf	go	1.0
GO:0004866	GO:0010951	goComponentOf	go	1.0
GO:0019206	GO:0009165	goComponentOf	go	1.0
GO:0005353	GO:0015755	goComponentOf	go	1.0
GO:0042054	GO:0016571	goComponentOf	go	1.0
GO:0004103	GO:0006657	goComponentOf	go	1.0
GO:0003743	GO:0006413	goComponentOf	go	1.0
GO:0005244	GO:0034765	goComponentOf	go	1.0
GO:0015185	GO:0015812	goComponentOf	go	1.0
GO:0004709	GO:0000165	goComponentOf	go	1.0
GO:0005384	GO:0071421	goComponentOf	go	1.0
GO:0019829	GO:0099132	goComponentOf	go	1.0
GO:0015139	GO:0015742	goComponentOf	go	1.0
GO:0016274	GO:0035246	goComponentOf	go	1.0
GO:0016505	GO:0006915	goComponentOf	go	1.0
GO:0052742	GO:0046854	goComponentOf	go	1.0
GO:0035004	GO:0046854	goComponentOf	go	1.0
GO:0072509	GO:0072511	goComponentOf	go	1.0
GO:0006361	GO:0006360	goComponentOf	go	1.0
GO:0000090	GO:0000087	goComponentOf	go	1.0
GO:0006919	GO:0006915	goComponentOf	go	1.0
GO:1902299	GO:0044786	goComponentOf	go	1.0
GO:0051322	GO:0000279	goComponentOf	go	1.0
GO:0051306	GO:0000070	goComponentOf	go	1.0
GO:0022607	GO:0044085	goComponentOf	go	1.0
GO:1902110	GO:0006915	goComponentOf	go	1.0
GO:0075733	GO:0019058	goComponentOf	go	1.0
GO:0005947	GO:0005739	goComponentOf	go	1.0
GO:0031093	GO:0031091	goComponentOf	go	1.0
GO:0031090	GO:0043227	goComponentOf	go	1.0
GO:0043230	GO:0005576	goComponentOf	go	1.0
GO:0099513	GO:0005856	goComponentOf	go	1.0
GO:0005874	GO:0015630	goComponentOf	go	1.0
GO:0044798	GO:0005634	goComponentOf	go	1.0
GO:0008373	GO:0097503	goComponentOf	go	1.0
GO:0008907	GO:0015074	goComponentOf	go	1.0
GO:0004001	GO:0006167	goComponentOf	go	1.0
GO:0004725	GO:0035335	goComponentOf	go	1.0
GO:0005068	GO:0007169	goComponentOf	go	1.0
GO:0005342	GO:1903825	goComponentOf	go	1.0
GO:0015245	GO:0015908	goComponentOf	go	1.0
GO:0015215	GO:1901679	goComponentOf	go	1.0
GO:0005456	GO:0015782	goComponentOf	go	1.0
GO:0000048	GO:0006412	goComponentOf	go	1.0
GO:0015168	GO:0015793	goComponentOf	go	1.0
GO:0015349	GO:0070327	goComponentOf	go	1.0
GO:0052813	GO:0046854	goComponentOf	go	1.0
GO:0047520	GO:0042572	goComponentOf	go	1.0
GO:0098599	GO:0098734	goComponentOf	go	1.0
GO:0004842	GO:0016567	goComponentOf	go	1.0
GO:0034437	GO:0034436	goComponentOf	go	1.0
GO:0007165	GO:0023052	goComponentOf	go	1.0
GO:0006396	GO:0010467	goComponentOf	go	1.0
GO:0019060	GO:0046719	goComponentOf	go	1.0
GO:0019082	GO:0019080	goComponentOf	go	1.0
GO:0006998	GO:0006997	goComponentOf	go	1.0
GO:0006364	GO:0042254	goComponentOf	go	1.0
GO:0030099	GO:0030097	goComponentOf	go	1.0
GO:0000729	GO:0006302	goComponentOf	go	1.0
GO:0000731	GO:0006281	goComponentOf	go	1.0
GO:0008637	GO:0006915	goComponentOf	go	1.0
GO:0051208	GO:0006874	goComponentOf	go	1.0
GO:0050892	GO:0007586	goComponentOf	go	1.0
GO:0030968	GO:0034620	goComponentOf	go	1.0
GO:0072422	GO:0000077	goComponentOf	go	1.0
GO:0072655	GO:0070585	goComponentOf	go	1.0
GO:0052173	GO:0044403	goComponentOf	go	1.0
GO:0022008	GO:0007399	goComponentOf	go	1.0
GO:1902108	GO:0006915	goComponentOf	go	1.0
GO:0071709	GO:0044091	goComponentOf	go	1.0
GO:0005886	GO:0071944	goComponentOf	go	1.0
GO:0019866	GO:0031967	goComponentOf	go	1.0
GO:0012506	GO:0031982	goComponentOf	go	1.0
GO:0005802	GO:0005794	goComponentOf	go	1.0
GO:0005815	GO:0015630	goComponentOf	go	1.0
GO:0042622	GO:0001750	goComponentOf	go	1.0
GO:0043232	GO:0005622	goComponentOf	go	1.0
GO:0008305	GO:0005887	goComponentOf	go	1.0
GO:0000784	GO:0005634	goComponentOf	go	1.0
GO:0044428	GO:0005634	goComponentOf	go	1.0
GO:0044427	GO:0005694	goComponentOf	go	1.0
GO:0070062	GO:0005615	goComponentOf	go	1.0
GO:1904813	GO:0101002	goComponentOf	go	1.0
GO:0016491	GO:0055114	goComponentOf	go	1.0
GO:0030594	GO:0007268	goComponentOf	go	1.0
GO:0000030	GO:0097502	goComponentOf	go	1.0
GO:0015179	GO:1902475	goComponentOf	go	1.0
GO:0015196	GO:0015827	goComponentOf	go	1.0
GO:0015142	GO:0035674	goComponentOf	go	1.0
GO:0015101	GO:0015695	goComponentOf	go	1.0
GO:0005337	GO:1901642	goComponentOf	go	1.0
GO:0015095	GO:1903830	goComponentOf	go	1.0
GO:0008705	GO:0009086	goComponentOf	go	1.0
GO:0035243	GO:0019918	goComponentOf	go	1.0
GO:0031543	GO:0019511	goComponentOf	go	1.0
GO:0034202	GO:0034203	goComponentOf	go	1.0
GO:1990380	GO:0071108	goComponentOf	go	1.0
GO:0070043	GO:0070476	goComponentOf	go	1.0
GO:0071714	GO:0071715	goComponentOf	go	1.0
GO:0009653	GO:0048856	goComponentOf	go	1.0
GO:0000280	GO:0051301	goComponentOf	go	1.0
GO:0000084	GO:0051329	goComponentOf	go	1.0
GO:0006297	GO:0006289	goComponentOf	go	1.0
GO:0006367	GO:0006366	goComponentOf	go	1.0
GO:0006491	GO:0006487	goComponentOf	go	1.0
GO:0038096	GO:0006909	goComponentOf	go	1.0
GO:0000387	GO:0000398	goComponentOf	go	1.0
GO:0001844	GO:0097345	goComponentOf	go	1.0
GO:0097485	GO:0048812	goComponentOf	go	1.0
GO:0043280	GO:0006915	goComponentOf	go	1.0
GO:0038111	GO:0098761	goComponentOf	go	1.0
GO:0072378	GO:0007596	goComponentOf	go	1.0
GO:0022600	GO:0007586	goComponentOf	go	1.0
GO:0140029	GO:0006887	goComponentOf	go	1.0
GO:0035333	GO:0007220	goComponentOf	go	1.0
GO:0035420	GO:0045087	goComponentOf	go	1.0
GO:0030662	GO:0030135	goComponentOf	go	1.0
GO:0005662	GO:0043601	goComponentOf	go	1.0
GO:0005742	GO:0005741	goComponentOf	go	1.0
GO:0005788	GO:0005783	goComponentOf	go	1.0
GO:0030062	GO:0005759	goComponentOf	go	1.0
GO:0098552	GO:0016020	goComponentOf	go	1.0
GO:0009353	GO:0005739	goComponentOf	go	1.0
GO:0097232	GO:0042599	goComponentOf	go	1.0
GO:0030670	GO:0045335	goComponentOf	go	1.0
GO:0043657	GO:0018995	goComponentOf	go	1.0
GO:0060202	GO:0060200	goComponentOf	go	1.0
GO:0070082	GO:0070081	goComponentOf	go	1.0
GO:0097381	GO:0001750	goComponentOf	go	1.0
GO:0061201	GO:0061200	goComponentOf	go	1.0
GO:0015077	GO:0015672	goComponentOf	go	1.0
GO:0046873	GO:0030001	goComponentOf	go	1.0
GO:0008565	GO:0015031	goComponentOf	go	1.0
GO:0015079	GO:0071805	goComponentOf	go	1.0
GO:0004008	GO:0060003	goComponentOf	go	1.0
GO:0005548	GO:0015914	goComponentOf	go	1.0
GO:0004385	GO:0046037	goComponentOf	go	1.0
GO:0004479	GO:0006413	goComponentOf	go	1.0
GO:0005267	GO:0071805	goComponentOf	go	1.0
GO:0004651	GO:0098507	goComponentOf	go	1.0
GO:0005355	GO:1904659	goComponentOf	go	1.0
GO:0004704	GO:0038061	goComponentOf	go	1.0
GO:0015132	GO:0015732	goComponentOf	go	1.0
GO:0008308	GO:1903959	goComponentOf	go	1.0
GO:0038024	GO:0006898	goComponentOf	go	1.0
GO:0042625	GO:0099131	goComponentOf	go	1.0
GO:1901375	GO:1901374	goComponentOf	go	1.0
GO:0035598	GO:0035600	goComponentOf	go	1.0
GO:0006325	GO:0051276	goComponentOf	go	1.0
GO:0006307	GO:0006281	goComponentOf	go	1.0
GO:0006626	GO:0007005	goComponentOf	go	1.0
GO:0007252	GO:0007249	goComponentOf	go	1.0
GO:0030206	GO:0050650	goComponentOf	go	1.0
GO:0016240	GO:0097352	goComponentOf	go	1.0
GO:0000732	GO:0006310	goComponentOf	go	1.0
GO:0043087	GO:0046578	goComponentOf	go	1.0
GO:0043087	GO:0035020	goComponentOf	go	1.0
GO:0051324	GO:0000279	goComponentOf	go	1.0
GO:0051649	GO:0051641	goComponentOf	go	1.0
GO:0051701	GO:0044403	goComponentOf	go	1.0
GO:0031424	GO:0030216	goComponentOf	go	1.0
GO:0044773	GO:0000278	goComponentOf	go	1.0
GO:0070125	GO:0032543	goComponentOf	go	1.0
GO:1904382	GO:0097466	goComponentOf	go	1.0
GO:0005879	GO:0005930	goComponentOf	go	1.0
GO:0097540	GO:1990716	goComponentOf	go	1.0
GO:0009353	GO:0005759	goComponentOf	go	1.0
GO:0031970	GO:0031967	goComponentOf	go	1.0
GO:0031966	GO:0005740	goComponentOf	go	1.0
GO:0072492	GO:0044190	goComponentOf	go	1.0
GO:0044455	GO:0031966	goComponentOf	go	1.0
GO:1990529	GO:0005783	goComponentOf	go	1.0
GO:0098791	GO:0005794	goComponentOf	go	1.0
GO:0098802	GO:0005886	goComponentOf	go	1.0
GO:0019888	GO:0043666	goComponentOf	go	1.0
GO:0008168	GO:0032259	goComponentOf	go	1.0
GO:0016301	GO:0016310	goComponentOf	go	1.0
GO:0015278	GO:0051209	goComponentOf	go	1.0
GO:0005262	GO:0070588	goComponentOf	go	1.0
GO:0004839	GO:0016567	goComponentOf	go	1.0
GO:0015194	GO:0015825	goComponentOf	go	1.0
GO:0015229	GO:0015882	goComponentOf	go	1.0
GO:0097199	GO:0097190	goComponentOf	go	1.0
GO:0051032	GO:0050657	goComponentOf	go	1.0
GO:0036137	GO:0097052	goComponentOf	go	1.0
GO:1902388	GO:1902389	goComponentOf	go	1.0
GO:0098518	GO:0098501	goComponentOf	go	1.0
GO:0035591	GO:0009967	goComponentOf	go	1.0
GO:0052650	GO:0042572	goComponentOf	go	1.0
GO:0006461	GO:0070271	goComponentOf	go	1.0
GO:0006497	GO:0042158	goComponentOf	go	1.0
GO:0006406	GO:0010467	goComponentOf	go	1.0
GO:0007340	GO:0007338	goComponentOf	go	1.0
GO:0007342	GO:0007338	goComponentOf	go	1.0
GO:0006958	GO:0002455	goComponentOf	go	1.0
GO:0048199	GO:0048193	goComponentOf	go	1.0
GO:0031050	GO:0071359	goComponentOf	go	1.0
GO:0038110	GO:0071352	goComponentOf	go	1.0
GO:0031497	GO:0006323	goComponentOf	go	1.0
GO:0072431	GO:0031571	goComponentOf	go	1.0
GO:0072599	GO:0070972	goComponentOf	go	1.0
GO:0043928	GO:0000288	goComponentOf	go	1.0
GO:1990748	GO:0097237	goComponentOf	go	1.0
GO:0099500	GO:0006887	goComponentOf	go	1.0
GO:0071550	GO:0097191	goComponentOf	go	1.0
GO:1905324	GO:0032200	goComponentOf	go	1.0
GO:0090383	GO:0090382	goComponentOf	go	1.0
GO:0030660	GO:0005798	goComponentOf	go	1.0
GO:0098553	GO:0005789	goComponentOf	go	1.0
GO:0031089	GO:0042827	goComponentOf	go	1.0
GO:0044459	GO:0005886	goComponentOf	go	1.0
GO:0044441	GO:0005929	goComponentOf	go	1.0
GO:0033162	GO:0042470	goComponentOf	go	1.0
GO:0044175	GO:0044174	goComponentOf	go	1.0
GO:0030659	GO:0031410	goComponentOf	go	1.0
GO:0097487	GO:0005771	goComponentOf	go	1.0
GO:0015075	GO:0034220	goComponentOf	go	1.0
GO:0008276	GO:0006479	goComponentOf	go	1.0
GO:0004016	GO:0006171	goComponentOf	go	1.0
GO:0003746	GO:0006414	goComponentOf	go	1.0
GO:0003756	GO:0006457	goComponentOf	go	1.0
GO:0004407	GO:0016575	goComponentOf	go	1.0
GO:0005272	GO:0035725	goComponentOf	go	1.0
GO:0015171	GO:0003333	goComponentOf	go	1.0
GO:0000064	GO:1903352	goComponentOf	go	1.0
GO:0008504	GO:0015844	goComponentOf	go	1.0
GO:0050253	GO:0042572	goComponentOf	go	1.0
GO:0070039	GO:0000451	goComponentOf	go	1.0
GO:0006120	GO:0042775	goComponentOf	go	1.0
GO:0006274	GO:0006261	goComponentOf	go	1.0
GO:0006900	GO:0016192	goComponentOf	go	1.0
GO:0016254	GO:0006506	goComponentOf	go	1.0
GO:0043154	GO:0006915	goComponentOf	go	1.0
GO:0097485	GO:0006935	goComponentOf	go	1.0
GO:0051439	GO:0000278	goComponentOf	go	1.0
GO:0002521	GO:0030097	goComponentOf	go	1.0
GO:0033209	GO:0071356	goComponentOf	go	1.0
GO:0030665	GO:0030136	goComponentOf	go	1.0
GO:0030176	GO:0005789	goComponentOf	go	1.0
GO:0045281	GO:0045273	goComponentOf	go	1.0
GO:0017087	GO:0005759	goComponentOf	go	1.0
GO:0044440	GO:0005768	goComponentOf	go	1.0
GO:0090741	GO:0048770	goComponentOf	go	1.0
GO:0016791	GO:0016311	goComponentOf	go	1.0
GO:0015238	GO:0006855	goComponentOf	go	1.0
GO:0015197	GO:0015833	goComponentOf	go	1.0
GO:0015116	GO:1902358	goComponentOf	go	1.0
GO:0004133	GO:0005977	goComponentOf	go	1.0
GO:0015145	GO:0015749	goComponentOf	go	1.0
GO:0019207	GO:0042325	goComponentOf	go	1.0
GO:0005381	GO:0034755	goComponentOf	go	1.0
GO:0004402	GO:0016573	goComponentOf	go	1.0
GO:0003921	GO:0006177	goComponentOf	go	1.0
GO:0005313	GO:0015813	goComponentOf	go	1.0
GO:0015166	GO:0015791	goComponentOf	go	1.0
GO:0008176	GO:0106004	goComponentOf	go	1.0
GO:0015651	GO:0015697	goComponentOf	go	1.0
GO:0046403	GO:0098506	goComponentOf	go	1.0
GO:0008656	GO:0006919	goComponentOf	go	1.0
GO:0046964	GO:1902559	goComponentOf	go	1.0
GO:0035620	GO:0035627	goComponentOf	go	1.0
GO:0035673	GO:0035672	goComponentOf	go	1.0
GO:0033558	GO:0006476	goComponentOf	go	1.0
GO:0043813	GO:0036092	goComponentOf	go	1.0
GO:0098772	GO:0065009	goComponentOf	go	1.0
GO:0001505	GO:0007268	goComponentOf	go	1.0
GO:0019070	GO:0019068	goComponentOf	go	1.0
GO:0006121	GO:0042775	goComponentOf	go	1.0
GO:0006334	GO:0031497	goComponentOf	go	1.0
GO:0030509	GO:0071773	goComponentOf	go	1.0
GO:0009052	GO:0006098	goComponentOf	go	1.0
GO:0008543	GO:0044344	goComponentOf	go	1.0
GO:0072663	GO:0072662	goComponentOf	go	1.0
GO:0002263	GO:0006955	goComponentOf	go	1.0
GO:0022412	GO:0032504	goComponentOf	go	1.0
GO:0060079	GO:0099565	goComponentOf	go	1.0
GO:1904886	GO:0060070	goComponentOf	go	1.0
GO:0090150	GO:0072657	goComponentOf	go	1.0
GO:0039663	GO:0046718	goComponentOf	go	1.0
GO:0005730	GO:0031981	goComponentOf	go	1.0
GO:0005765	GO:0005764	goComponentOf	go	1.0
GO:0000228	GO:0031981	goComponentOf	go	1.0
GO:0000790	GO:0005634	goComponentOf	go	1.0
GO:0000782	GO:0000781	goComponentOf	go	1.0
GO:0031088	GO:0042827	goComponentOf	go	1.0
GO:0031410	GO:0005737	goComponentOf	go	1.0
GO:0031984	GO:0043227	goComponentOf	go	1.0
GO:0030672	GO:0008021	goComponentOf	go	1.0
GO:0030667	GO:0030141	goComponentOf	go	1.0
GO:0044423	GO:0019012	goComponentOf	go	1.0
GO:0015144	GO:0034219	goComponentOf	go	1.0
GO:0016279	GO:0018022	goComponentOf	go	1.0
GO:0016992	GO:0009107	goComponentOf	go	1.0
GO:0004340	GO:0051156	goComponentOf	go	1.0
GO:0004585	GO:0006591	goComponentOf	go	1.0
GO:0005459	GO:0072334	goComponentOf	go	1.0
GO:0015605	GO:0015748	goComponentOf	go	1.0
GO:0009008	GO:0006306	goComponentOf	go	1.0
GO:0008545	GO:0007257	goComponentOf	go	1.0
GO:0036132	GO:0006693	goComponentOf	go	1.0
GO:0036130	GO:0006693	goComponentOf	go	1.0
GO:0004482	GO:0006370	goComponentOf	go	1.0
GO:0050051	GO:0036101	goComponentOf	go	1.0
GO:0050145	GO:0046940	goComponentOf	go	1.0
GO:0051033	GO:0050658	goComponentOf	go	1.0
GO:0050833	GO:1901475	goComponentOf	go	1.0
GO:0099604	GO:0019722	goComponentOf	go	1.0
GO:0009755	GO:0032870	goComponentOf	go	1.0
GO:0006805	GO:0071466	goComponentOf	go	1.0
GO:0006123	GO:0042775	goComponentOf	go	1.0
GO:0000904	GO:0048468	goComponentOf	go	1.0
GO:0097194	GO:0006915	goComponentOf	go	1.0
GO:0048208	GO:0048207	goComponentOf	go	1.0
GO:0043087	GO:0032015	goComponentOf	go	1.0
GO:0002003	GO:0002002	goComponentOf	go	1.0
GO:0072401	GO:0031570	goComponentOf	go	1.0
GO:0034080	GO:0034508	goComponentOf	go	1.0
GO:0044786	GO:0007049	goComponentOf	go	1.0
GO:0060396	GO:0071378	goComponentOf	go	1.0
GO:0098754	GO:0009636	goComponentOf	go	1.0
GO:0005789	GO:0042175	goComponentOf	go	1.0
GO:0005783	GO:0012505	goComponentOf	go	1.0
GO:0043202	GO:0005764	goComponentOf	go	1.0
GO:0043601	GO:0043596	goComponentOf	go	1.0
GO:0031906	GO:0005770	goComponentOf	go	1.0
GO:0044464	GO:0005623	goComponentOf	go	1.0
GO:0043655	GO:0018995	goComponentOf	go	1.0
GO:0043233	GO:0043226	goComponentOf	go	1.0
GO:0070931	GO:0005798	goComponentOf	go	1.0
GO:0004888	GO:0007165	goComponentOf	go	1.0
GO:0008324	GO:0098655	goComponentOf	go	1.0
GO:0008173	GO:0001510	goComponentOf	go	1.0
GO:0030414	GO:0010466	goComponentOf	go	1.0
GO:0015085	GO:0070588	goComponentOf	go	1.0
GO:0061578	GO:0070536	goComponentOf	go	1.0
GO:0015127	GO:0015723	goComponentOf	go	1.0
GO:0015367	GO:0015742	goComponentOf	go	1.0
GO:0030504	GO:0030505	goComponentOf	go	1.0
GO:0042954	GO:0042953	goComponentOf	go	1.0
GO:0022857	GO:0055085	goComponentOf	go	1.0
GO:1901505	GO:1901264	goComponentOf	go	1.0
GO:0035515	GO:0035513	goComponentOf	go	1.0
GO:0001055	GO:0006366	goComponentOf	go	1.0
GO:0006412	GO:0010467	goComponentOf	go	1.0
GO:0019076	GO:0019058	goComponentOf	go	1.0
GO:0006268	GO:0006261	goComponentOf	go	1.0
GO:0016056	GO:0007603	goComponentOf	go	1.0
GO:0006901	GO:0006900	goComponentOf	go	1.0
GO:0051656	GO:0051640	goComponentOf	go	1.0
GO:0043401	GO:0071383	goComponentOf	go	1.0
GO:0033260	GO:0007049	goComponentOf	go	1.0
GO:0038179	GO:0071363	goComponentOf	go	1.0
GO:0000963	GO:0140053	goComponentOf	go	1.0
GO:1990668	GO:0016192	goComponentOf	go	1.0
GO:0097400	GO:0097398	goComponentOf	go	1.0
GO:0030666	GO:0030139	goComponentOf	go	1.0
GO:0005829	GO:0005737	goComponentOf	go	1.0
GO:0043596	GO:0005634	goComponentOf	go	1.0
GO:0044446	GO:0043229	goComponentOf	go	1.0
GO:0044439	GO:0005777	goComponentOf	go	1.0
GO:0060203	GO:0060199	goComponentOf	go	1.0
GO:0070083	GO:0070081	goComponentOf	go	1.0
GO:0060205	GO:0031410	goComponentOf	go	1.0
GO:0098803	GO:0070469	goComponentOf	go	1.0
GO:0098796	GO:0016020	goComponentOf	go	1.0
GO:0120038	GO:0120025	goComponentOf	go	1.0
GO:0008509	GO:0098656	goComponentOf	go	1.0
GO:0004169	GO:0035269	goComponentOf	go	1.0
GO:0005326	GO:0006836	goComponentOf	go	1.0
GO:0015307	GO:0046618	goComponentOf	go	1.0
GO:0015106	GO:0015701	goComponentOf	go	1.0
GO:0005464	GO:0015790	goComponentOf	go	1.0
GO:0015093	GO:1903874	goComponentOf	go	1.0
GO:0097153	GO:0006915	goComponentOf	go	1.0
GO:0046922	GO:0036066	goComponentOf	go	1.0
GO:0006413	GO:0006412	goComponentOf	go	1.0
GO:0006409	GO:0071431	goComponentOf	go	1.0
GO:0000088	GO:0000087	goComponentOf	go	1.0
GO:0006906	GO:0016192	goComponentOf	go	1.0
GO:0042773	GO:0006119	goComponentOf	go	1.0
GO:0043281	GO:0006915	goComponentOf	go	1.0
GO:0048731	GO:0007275	goComponentOf	go	1.0
GO:0048534	GO:0002520	goComponentOf	go	1.0
GO:0048667	GO:0048666	goComponentOf	go	1.0
GO:0035655	GO:0071351	goComponentOf	go	1.0
GO:0072395	GO:0000075	goComponentOf	go	1.0
GO:0035735	GO:0060271	goComponentOf	go	1.0
GO:0033683	GO:0006289	goComponentOf	go	1.0
GO:0032543	GO:0140053	goComponentOf	go	1.0
GO:0002078	GO:0007340	goComponentOf	go	1.0
GO:0036265	GO:0009452	goComponentOf	go	1.0
GO:0097352	GO:0016236	goComponentOf	go	1.0
GO:0090114	GO:0006888	goComponentOf	go	1.0
GO:1902400	GO:0044783	goComponentOf	go	1.0
GO:0035333	GO:0007219	goComponentOf	go	1.0
GO:0031095	GO:0031094	goComponentOf	go	1.0
GO:0031096	GO:0031094	goComponentOf	go	1.0
GO:0043256	GO:0005605	goComponentOf	go	1.0
GO:0031012	GO:0005576	goComponentOf	go	1.0
GO:0070013	GO:0043229	goComponentOf	go	1.0
GO:0044190	GO:0033650	goComponentOf	go	1.0
GO:0071458	GO:0098554	goComponentOf	go	1.0
GO:0099501	GO:0070382	goComponentOf	go	1.0
GO:0009897	GO:0009986	goComponentOf	go	1.0
GO:0015103	GO:0015698	goComponentOf	go	1.0
GO:0003964	GO:0006278	goComponentOf	go	1.0
GO:0016504	GO:0010952	goComponentOf	go	1.0
GO:0005310	GO:0006835	goComponentOf	go	1.0
GO:0015140	GO:0071423	goComponentOf	go	1.0
GO:0015226	GO:1902603	goComponentOf	go	1.0
GO:0008320	GO:0071806	goComponentOf	go	1.0
GO:0046976	GO:0070734	goComponentOf	go	1.0
GO:0042887	GO:0042886	goComponentOf	go	1.0
GO:0051184	GO:0051181	goComponentOf	go	1.0
GO:0032454	GO:0033169	goComponentOf	go	1.0
GO:1904264	GO:0030433	goComponentOf	go	1.0
GO:0002009	GO:0060429	goComponentOf	go	1.0
GO:0006293	GO:0006289	goComponentOf	go	1.0
GO:0006391	GO:0006390	goComponentOf	go	1.0
GO:0007094	GO:0000278	goComponentOf	go	1.0
GO:0042692	GO:0061061	goComponentOf	go	1.0
GO:0051189	GO:0044267	goComponentOf	go	1.0
GO:0035082	GO:0060271	goComponentOf	go	1.0
GO:0072594	GO:0033365	goComponentOf	go	1.0
GO:0052192	GO:0044403	goComponentOf	go	1.0
GO:0033108	GO:0007005	goComponentOf	go	1.0
GO:0002433	GO:0006909	goComponentOf	go	1.0
GO:0071426	GO:0071166	goComponentOf	go	1.0
GO:0097712	GO:0060271	goComponentOf	go	1.0
GO:0031227	GO:0005789	goComponentOf	go	1.0
GO:0044444	GO:0005737	goComponentOf	go	1.0
GO:0044421	GO:0005576	goComponentOf	go	1.0
GO:0044432	GO:0005783	goComponentOf	go	1.0
GO:0044437	GO:0005773	goComponentOf	go	1.0
GO:0070822	GO:0000790	goComponentOf	go	1.0
GO:0098797	GO:0005886	goComponentOf	go	1.0
GO:0098852	GO:0000323	goComponentOf	go	1.0
GO:0005694	GO:0005622	goComponentOf	go	1.0
GO:0003824	GO:0008152	goComponentOf	go	1.0
GO:0004532	GO:0090503	goComponentOf	go	1.0
GO:0005231	GO:0060079	goComponentOf	go	1.0
GO:0005375	GO:0035434	goComponentOf	go	1.0
GO:0005319	GO:0006869	goComponentOf	go	1.0
GO:0003880	GO:0006481	goComponentOf	go	1.0
GO:0019789	GO:0016925	goComponentOf	go	1.0
GO:0005461	GO:0015787	goComponentOf	go	1.0
GO:0004860	GO:0006469	goComponentOf	go	1.0
GO:0016303	GO:0036092	goComponentOf	go	1.0
GO:0008519	GO:0072488	goComponentOf	go	1.0
GO:0038023	GO:0007165	goComponentOf	go	1.0
GO:0034061	GO:0071897	goComponentOf	go	1.0
GO:0032217	GO:0032218	goComponentOf	go	1.0
GO:0046718	GO:0019058	goComponentOf	go	1.0
GO:0042330	GO:0009605	goComponentOf	go	1.0
GO:0007260	GO:0007259	goComponentOf	go	1.0
GO:0006269	GO:0006261	goComponentOf	go	1.0
GO:0006294	GO:0006289	goComponentOf	go	1.0
GO:0006353	GO:0006351	goComponentOf	go	1.0
GO:0007258	GO:0007254	goComponentOf	go	1.0
GO:0007409	GO:0061564	goComponentOf	go	1.0
GO:0007597	GO:0072378	goComponentOf	go	1.0
GO:0008217	GO:0008015	goComponentOf	go	1.0
GO:0048208	GO:0090114	goComponentOf	go	1.0
GO:0036388	GO:0006261	goComponentOf	go	1.0
GO:0031175	GO:0048666	goComponentOf	go	1.0
GO:0043087	GO:0032485	goComponentOf	go	1.0
GO:0051104	GO:0006261	goComponentOf	go	1.0
GO:0035723	GO:0071350	goComponentOf	go	1.0
GO:0005887	GO:0005886	goComponentOf	go	1.0
GO:0016507	GO:0005759	goComponentOf	go	1.0
GO:0043229	GO:0005622	goComponentOf	go	1.0
GO:0035869	GO:0005929	goComponentOf	go	1.0
GO:0044431	GO:0005794	goComponentOf	go	1.0
GO:0044167	GO:0044165	goComponentOf	go	1.0
GO:0001609	GO:0001973	goComponentOf	go	1.0
GO:0004518	GO:0090305	goComponentOf	go	1.0
GO:0001727	GO:0046834	goComponentOf	go	1.0
GO:0015114	GO:0035435	goComponentOf	go	1.0
GO:0030594	GO:0099565	goComponentOf	go	1.0
GO:0004326	GO:0046901	goComponentOf	go	1.0
GO:0004498	GO:0036378	goComponentOf	go	1.0
GO:0015108	GO:1902476	goComponentOf	go	1.0
GO:0015136	GO:0015739	goComponentOf	go	1.0
GO:0015204	GO:0071918	goComponentOf	go	1.0
GO:0015222	GO:0006837	goComponentOf	go	1.0
GO:0015227	GO:1902616	goComponentOf	go	1.0
GO:0015248	GO:0015918	goComponentOf	go	1.0
GO:0015420	GO:0015889	goComponentOf	go	1.0
GO:0017150	GO:0002943	goComponentOf	go	1.0
GO:0042903	GO:0090042	goComponentOf	go	1.0
GO:0047376	GO:0042572	goComponentOf	go	1.0
GO:0043028	GO:0043281	goComponentOf	go	1.0
GO:0033300	GO:0070837	goComponentOf	go	1.0
GO:0022832	GO:0051049	goComponentOf	go	1.0
GO:0034604	GO:0006086	goComponentOf	go	1.0
GO:0019068	GO:0019058	goComponentOf	go	1.0
GO:0030204	GO:0050654	goComponentOf	go	1.0
GO:0006099	GO:0009060	goComponentOf	go	1.0
GO:0006127	GO:0022904	goComponentOf	go	1.0
GO:0006267	GO:0033260	goComponentOf	go	1.0
GO:0045005	GO:0006261	goComponentOf	go	1.0
GO:0007091	GO:0000278	goComponentOf	go	1.0
GO:0007093	GO:0000278	goComponentOf	go	1.0
GO:0007250	GO:0038061	goComponentOf	go	1.0
GO:0000045	GO:0016236	goComponentOf	go	1.0
GO:0000083	GO:0000082	goComponentOf	go	1.0
GO:0009051	GO:0006098	goComponentOf	go	1.0
GO:0015891	GO:0033214	goComponentOf	go	1.0
GO:0061418	GO:0071456	goComponentOf	go	1.0
GO:0051318	GO:0051325	goComponentOf	go	1.0
GO:0031018	GO:0031016	goComponentOf	go	1.0
GO:0043087	GO:0032487	goComponentOf	go	1.0
GO:0051604	GO:0010467	goComponentOf	go	1.0
GO:0051437	GO:1901990	goComponentOf	go	1.0
GO:0022414	GO:0000003	goComponentOf	go	1.0
GO:0002366	GO:0006955	goComponentOf	go	1.0
GO:0034080	GO:0061641	goComponentOf	go	1.0
GO:0002283	GO:0006955	goComponentOf	go	1.0
GO:0034341	GO:0045087	goComponentOf	go	1.0
GO:0044772	GO:0000278	goComponentOf	go	1.0
GO:1905114	GO:0007267	goComponentOf	go	1.0
GO:0098813	GO:0007049	goComponentOf	go	1.0
GO:0045273	GO:0070469	goComponentOf	go	1.0
GO:0097013	GO:0045335	goComponentOf	go	1.0
GO:0044447	GO:0005930	goComponentOf	go	1.0
GO:0055038	GO:0055037	goComponentOf	go	1.0
GO:0032588	GO:0005802	goComponentOf	go	1.0
GO:0034358	GO:0005615	goComponentOf	go	1.0
GO:0034774	GO:0030141	goComponentOf	go	1.0
GO:0034493	GO:0042470	goComponentOf	go	1.0
GO:0098799	GO:0005741	goComponentOf	go	1.0
GO:0004871	GO:0007165	goComponentOf	go	1.0
GO:0003678	GO:0032508	goComponentOf	go	1.0
GO:0004675	GO:0007178	goComponentOf	go	1.0
GO:0004467	GO:0001676	goComponentOf	go	1.0
GO:0008028	GO:0015718	goComponentOf	go	1.0
GO:0015119	GO:0015712	goComponentOf	go	1.0
GO:0015207	GO:0015853	goComponentOf	go	1.0
GO:0008384	GO:0007252	goComponentOf	go	1.0
GO:0008469	GO:0034969	goComponentOf	go	1.0
GO:0046943	GO:1905039	goComponentOf	go	1.0
GO:0050252	GO:0042572	goComponentOf	go	1.0
GO:0042799	GO:0034770	goComponentOf	go	1.0
GO:0032452	GO:0016577	goComponentOf	go	1.0
GO:0006869	GO:0010876	goComponentOf	go	1.0
GO:0006390	GO:0140053	goComponentOf	go	1.0
GO:0006415	GO:0006412	goComponentOf	go	1.0
GO:0006418	GO:0006412	goComponentOf	go	1.0
GO:0000080	GO:0051329	goComponentOf	go	1.0
GO:0007409	GO:0048667	goComponentOf	go	1.0
GO:0050767	GO:0048699	goComponentOf	go	1.0
GO:0044406	GO:0044403	goComponentOf	go	1.0
GO:0001845	GO:0006909	goComponentOf	go	1.0
GO:0022904	GO:0045333	goComponentOf	go	1.0
GO:0022618	GO:0022613	goComponentOf	go	1.0
GO:0060047	GO:0008015	goComponentOf	go	1.0
GO:0070830	GO:0043297	goComponentOf	go	1.0
GO:0005875	GO:0015630	goComponentOf	go	1.0
GO:0012507	GO:0030134	goComponentOf	go	1.0
GO:0005604	GO:0005578	goComponentOf	go	1.0
GO:0016529	GO:0016528	goComponentOf	go	1.0
GO:0031092	GO:0031091	goComponentOf	go	1.0
GO:0044422	GO:0043226	goComponentOf	go	1.0
GO:0044429	GO:0005739	goComponentOf	go	1.0
GO:0060170	GO:0005886	goComponentOf	go	1.0
GO:0070565	GO:0000781	goComponentOf	go	1.0
GO:0035579	GO:0042581	goComponentOf	go	1.0
GO:0101003	GO:0101002	goComponentOf	go	1.0
GO:0030234	GO:0050790	goComponentOf	go	1.0
GO:0019210	GO:0042326	goComponentOf	go	1.0
GO:0008135	GO:0006412	goComponentOf	go	1.0
GO:0015343	GO:0044718	goComponentOf	go	1.0
GO:0003980	GO:0097359	goComponentOf	go	1.0
GO:0019887	GO:0045859	goComponentOf	go	1.0
GO:0015172	GO:0015800	goComponentOf	go	1.0
GO:0004709	GO:0000186	goComponentOf	go	1.0
GO:0004708	GO:0000187	goComponentOf	go	1.0
GO:0005372	GO:0006833	goComponentOf	go	1.0
GO:0009055	GO:0022900	goComponentOf	go	1.0
GO:0015152	GO:0015760	goComponentOf	go	1.0
GO:0017056	GO:0006913	goComponentOf	go	1.0
GO:0017127	GO:0030301	goComponentOf	go	1.0
GO:0050577	GO:0042350	goComponentOf	go	1.0
GO:0032451	GO:0070988	goComponentOf	go	1.0
GO:0097472	GO:0051726	goComponentOf	go	1.0
GO:0061135	GO:0052548	goComponentOf	go	1.0
GO:0006351	GO:0010467	goComponentOf	go	1.0
GO:0006270	GO:0006261	goComponentOf	go	1.0
GO:0006352	GO:0006351	goComponentOf	go	1.0
GO:0006369	GO:0006366	goComponentOf	go	1.0
GO:0007009	GO:0010256	goComponentOf	go	1.0
GO:0007179	GO:0071560	goComponentOf	go	1.0
GO:0007257	GO:0007254	goComponentOf	go	1.0
GO:0000085	GO:0051329	goComponentOf	go	1.0
GO:0000236	GO:0000278	goComponentOf	go	1.0
GO:0016255	GO:0006506	goComponentOf	go	1.0
GO:0051205	GO:0034613	goComponentOf	go	1.0
GO:0072413	GO:0007093	goComponentOf	go	1.0
GO:1902686	GO:0012501	goComponentOf	go	1.0
GO:0048858	GO:0000902	goComponentOf	go	1.0
GO:0034369	GO:0097006	goComponentOf	go	1.0
GO:0060337	GO:0071357	goComponentOf	go	1.0
GO:0070498	GO:0071347	goComponentOf	go	1.0
GO:0099565	GO:0007268	goComponentOf	go	1.0
GO:0023061	GO:0007267	goComponentOf	go	1.0
GO:0106005	GO:0009452	goComponentOf	go	1.0
GO:0035419	GO:0002758	goComponentOf	go	1.0
GO:0031983	GO:0031982	goComponentOf	go	1.0
GO:0044463	GO:0042995	goComponentOf	go	1.0
GO:0060204	GO:0060199	goComponentOf	go	1.0
GO:0060342	GO:0001917	goComponentOf	go	1.0
GO:0035578	GO:0042582	goComponentOf	go	1.0
GO:0044178	GO:0033645	goComponentOf	go	1.0
GO:0099568	GO:0005737	goComponentOf	go	1.0
GO:0097708	GO:0005622	goComponentOf	go	1.0
GO:0035577	GO:0042582	goComponentOf	go	1.0
GO:0009898	GO:0005886	goComponentOf	go	1.0
GO:0008649	GO:0031167	goComponentOf	go	1.0
GO:0003700	GO:0006355	goComponentOf	go	1.0
GO:0004105	GO:0006657	goComponentOf	go	1.0
GO:0016209	GO:0098869	goComponentOf	go	1.0
GO:0004385	GO:0046710	goComponentOf	go	1.0
GO:0005096	GO:0043547	goComponentOf	go	1.0
GO:0003887	GO:0006261	goComponentOf	go	1.0
GO:0015216	GO:0015865	goComponentOf	go	1.0
GO:0030291	GO:0071901	goComponentOf	go	1.0
GO:0030343	GO:0036378	goComponentOf	go	1.0
GO:0016316	GO:0036092	goComponentOf	go	1.0
GO:0004482	GO:0106005	goComponentOf	go	1.0
GO:0090422	GO:0030974	goComponentOf	go	1.0
GO:0071558	GO:0071557	goComponentOf	go	1.0
GO:0035575	GO:0035574	goComponentOf	go	1.0
GO:0001056	GO:0006383	goComponentOf	go	1.0
GO:0009913	GO:0008544	goComponentOf	go	1.0
GO:0019043	GO:0019042	goComponentOf	go	1.0
GO:0006606	GO:0034504	goComponentOf	go	1.0
GO:0006998	GO:0010256	goComponentOf	go	1.0
GO:0006271	GO:0006261	goComponentOf	go	1.0
GO:0030422	GO:0016246	goComponentOf	go	1.0
GO:0008286	GO:0032869	goComponentOf	go	1.0
GO:0000717	GO:0006289	goComponentOf	go	1.0
GO:0046755	GO:0019068	goComponentOf	go	1.0
GO:0006309	GO:0030262	goComponentOf	go	1.0
GO:0051103	GO:0006281	goComponentOf	go	1.0
GO:0097296	GO:0097190	goComponentOf	go	1.0
GO:0048729	GO:0009888	goComponentOf	go	1.0
GO:0051650	GO:0051648	goComponentOf	go	1.0
GO:0031658	GO:0000082	goComponentOf	go	1.0
GO:0022402	GO:0007049	goComponentOf	go	1.0
GO:0060397	GO:0060396	goComponentOf	go	1.0
GO:0010994	GO:0010992	goComponentOf	go	1.0
GO:0099531	GO:0007268	goComponentOf	go	1.0
GO:0030141	GO:0012505	goComponentOf	go	1.0
GO:0033655	GO:0030430	goComponentOf	go	1.0
GO:0044094	GO:0042025	goComponentOf	go	1.0
GO:1990204	GO:0005623	goComponentOf	go	1.0
GO:0008047	GO:0043085	goComponentOf	go	1.0
GO:0008233	GO:0006508	goComponentOf	go	1.0
GO:0018024	GO:0034968	goComponentOf	go	1.0
GO:0009882	GO:0009785	goComponentOf	go	1.0
GO:0019201	GO:0046939	goComponentOf	go	1.0
GO:0004142	GO:0006657	goComponentOf	go	1.0
GO:0004174	GO:0022904	goComponentOf	go	1.0
GO:0004713	GO:0018108	goComponentOf	go	1.0
GO:0005225	GO:0044070	goComponentOf	go	1.0
GO:0015932	GO:0015931	goComponentOf	go	1.0
GO:0005324	GO:0015909	goComponentOf	go	1.0
GO:0005457	GO:0015783	goComponentOf	go	1.0
GO:0015184	GO:0015811	goComponentOf	go	1.0
GO:0015556	GO:0015740	goComponentOf	go	1.0
GO:0042910	GO:0042908	goComponentOf	go	1.0
GO:0051185	GO:0051182	goComponentOf	go	1.0
GO:0052884	GO:0042572	goComponentOf	go	1.0
GO:0072349	GO:0072337	goComponentOf	go	1.0
GO:0009566	GO:0019953	goComponentOf	go	1.0
GO:0015893	GO:0042493	goComponentOf	go	1.0
GO:0016055	GO:0198738	goComponentOf	go	1.0
GO:0030168	GO:0007596	goComponentOf	go	1.0
GO:0000289	GO:0000288	goComponentOf	go	1.0
GO:0006903	GO:0051650	goComponentOf	go	1.0
GO:0006903	GO:0016192	goComponentOf	go	1.0
GO:0035977	GO:0006516	goComponentOf	go	1.0
GO:0043087	GO:0032483	goComponentOf	go	1.0
GO:0048666	GO:0030182	goComponentOf	go	1.0
GO:0035722	GO:0071349	goComponentOf	go	1.0
GO:0052214	GO:0044403	goComponentOf	go	1.0
GO:1903047	GO:0000278	goComponentOf	go	1.0
GO:0060478	GO:0007340	goComponentOf	go	1.0
GO:0070925	GO:0006996	goComponentOf	go	1.0
GO:0071174	GO:0000278	goComponentOf	go	1.0
GO:1902403	GO:0044774	goComponentOf	go	1.0
GO:0008021	GO:0098793	goComponentOf	go	1.0
GO:0031226	GO:0005886	goComponentOf	go	1.0
GO:0031211	GO:0005789	goComponentOf	go	1.0
GO:0031528	GO:0005902	goComponentOf	go	1.0
GO:0098590	GO:0005886	goComponentOf	go	1.0
GO:0044438	GO:0042579	goComponentOf	go	1.0
GO:0044456	GO:0045202	goComponentOf	go	1.0
GO:0044178	GO:0044177	goComponentOf	go	1.0
GO:0044218	GO:0044216	goComponentOf	go	1.0
GO:0033116	GO:0005793	goComponentOf	go	1.0
GO:0004702	GO:0023014	goComponentOf	go	1.0
GO:0003909	GO:0006266	goComponentOf	go	1.0
GO:0005391	GO:0010248	goComponentOf	go	1.0
GO:0000150	GO:0006310	goComponentOf	go	1.0
GO:0015321	GO:0044341	goComponentOf	go	1.0
GO:0038075	GO:0035420	goComponentOf	go	1.0
GO:0036131	GO:0006693	goComponentOf	go	1.0
GO:0046915	GO:0000041	goComponentOf	go	1.0
GO:0046974	GO:0051567	goComponentOf	go	1.0
GO:0035379	GO:0035378	goComponentOf	go	1.0
GO:0006886	GO:0034613	goComponentOf	go	1.0
GO:0042073	GO:0044782	goComponentOf	go	1.0
GO:0030208	GO:0050651	goComponentOf	go	1.0
GO:0007598	GO:0072378	goComponentOf	go	1.0
GO:0000715	GO:0006289	goComponentOf	go	1.0
GO:0010127	GO:0009636	goComponentOf	go	1.0
GO:0043087	GO:0035023	goComponentOf	go	1.0
GO:0043087	GO:0032489	goComponentOf	go	1.0
GO:0060078	GO:0007268	goComponentOf	go	1.0
GO:0032201	GO:0033260	goComponentOf	go	1.0
GO:0044774	GO:0000278	goComponentOf	go	1.0
GO:0070918	GO:0031047	goComponentOf	go	1.0
GO:0042175	GO:0012505	goComponentOf	go	1.0
GO:0005787	GO:0005789	goComponentOf	go	1.0
GO:0005884	GO:0015629	goComponentOf	go	1.0
GO:0005971	GO:0005829	goComponentOf	go	1.0
GO:0036064	GO:0042995	goComponentOf	go	1.0
GO:0031901	GO:0005769	goComponentOf	go	1.0
GO:0044454	GO:0000228	goComponentOf	go	1.0
GO:0044420	GO:0031012	goComponentOf	go	1.0
GO:0034045	GO:0000407	goComponentOf	go	1.0
GO:0000421	GO:0005776	goComponentOf	go	1.0
GO:0044217	GO:0044215	goComponentOf	go	1.0
GO:0070821	GO:0070820	goComponentOf	go	1.0
GO:0101003	GO:0070820	goComponentOf	go	1.0
GO:0036021	GO:0036019	goComponentOf	go	1.0
GO:0036020	GO:0036019	goComponentOf	go	1.0
GO:0097486	GO:0005771	goComponentOf	go	1.0
GO:0004930	GO:0007186	goComponentOf	go	1.0
GO:0008174	GO:0080009	goComponentOf	go	1.0
GO:0015295	GO:0015992	goComponentOf	go	1.0
GO:0004363	GO:0006750	goComponentOf	go	1.0
GO:0004479	GO:0071951	goComponentOf	go	1.0
GO:0015193	GO:0035524	goComponentOf	go	1.0
GO:0005308	GO:0015881	goComponentOf	go	1.0
GO:0005365	GO:0015798	goComponentOf	go	1.0
GO:0005462	GO:1990569	goComponentOf	go	1.0
GO:0015125	GO:0015721	goComponentOf	go	1.0
GO:0015129	GO:0035873	goComponentOf	go	1.0
GO:0008521	GO:0015876	goComponentOf	go	1.0
GO:0017089	GO:0046836	goComponentOf	go	1.0
GO:0022889	GO:0032329	goComponentOf	go	1.0
GO:0007165	GO:0051716	goComponentOf	go	1.0
GO:0019062	GO:0019058	goComponentOf	go	1.0
GO:0006486	GO:0009101	goComponentOf	go	1.0
GO:0006406	GO:0071427	goComponentOf	go	1.0
GO:0000087	GO:0000278	goComponentOf	go	1.0
GO:0019083	GO:0019080	goComponentOf	go	1.0
GO:0006122	GO:0042775	goComponentOf	go	1.0
GO:0007084	GO:0000278	goComponentOf	go	1.0
GO:0030049	GO:0006936	goComponentOf	go	1.0
GO:0097190	GO:0006915	goComponentOf	go	1.0
GO:0042787	GO:0006511	goComponentOf	go	1.0
GO:0038114	GO:0098757	goComponentOf	go	1.0
GO:0051708	GO:0044403	goComponentOf	go	1.0
GO:0002002	GO:0001991	goComponentOf	go	1.0
GO:0034377	GO:0097006	goComponentOf	go	1.0
GO:0060333	GO:0071346	goComponentOf	go	1.0
GO:1905037	GO:0016236	goComponentOf	go	1.0
GO:0099643	GO:0099536	goComponentOf	go	1.0
GO:0030312	GO:0071944	goComponentOf	go	1.0
GO:0098554	GO:0005789	goComponentOf	go	1.0
GO:0001750	GO:0097733	goComponentOf	go	1.0
GO:0000783	GO:0000784	goComponentOf	go	1.0
GO:0031967	GO:0043227	goComponentOf	go	1.0
GO:0044425	GO:0016020	goComponentOf	go	1.0
GO:0044430	GO:0005856	goComponentOf	go	1.0
GO:0044451	GO:0005654	goComponentOf	go	1.0
GO:0032432	GO:0015629	goComponentOf	go	1.0
GO:0097650	GO:0097545	goComponentOf	go	1.0
GO:0044162	GO:0044161	goComponentOf	go	1.0
GO:0005775	GO:0005773	goComponentOf	go	1.0
GO:0098798	GO:0005739	goComponentOf	go	1.0
GO:0098793	GO:0045202	goComponentOf	go	1.0
