:START_ID	:END_ID	:TYPE	source	score
GO:0008597	GO:0004723	goRegulates	go	1.0
GO:0060590	GO:0016887	goRegulates	go	1.0
GO:0019220	GO:0006796	goRegulates	go	1.0
GO:0007088	GO:0140014	goRegulates	go	1.0
GO:0045616	GO:0030216	goRegulates	go	1.0
GO:0043467	GO:0006091	goRegulates	go	1.0
GO:1902806	GO:0044843	goRegulates	go	1.0
GO:0010510	GO:0006086	goRegulates	go	1.0
GO:0065009	GO:0003674	goRegulates	go	1.0
GO:0002694	GO:0045321	goRegulates	go	1.0
GO:0032489	GO:0032488	goRegulates	go	1.0
GO:0043666	GO:0004721	goRegulates	go	1.0
GO:0032012	GO:0032011	goRegulates	go	1.0
GO:1901987	GO:0044770	goRegulates	go	1.0
GO:0060338	GO:0060337	goRegulates	go	1.0
GO:1903706	GO:0030097	goRegulates	go	1.0
GO:0061013	GO:0006402	goRegulates	go	1.0
GO:0045761	GO:0004016	goRegulates	go	1.0
GO:0043067	GO:0012501	goRegulates	go	1.0
GO:0050865	GO:0001775	goRegulates	go	1.0
GO:0032879	GO:0051179	goRegulates	go	1.0
GO:0051960	GO:0007399	goRegulates	go	1.0
GO:1901184	GO:0038127	goRegulates	go	1.0
GO:0034765	GO:0034220	goRegulates	go	1.0
GO:0010646	GO:0007154	goRegulates	go	1.0
GO:1904029	GO:0097472	goRegulates	go	1.0
GO:2000765	GO:0002181	goRegulates	go	1.0
GO:0061134	GO:0008233	goRegulates	go	1.0
GO:0061135	GO:0004175	goRegulates	go	1.0
GO:0045859	GO:0004672	goRegulates	go	1.0
GO:0008593	GO:0007219	goRegulates	go	1.0
GO:0046883	GO:0046879	goRegulates	go	1.0
GO:0046890	GO:0008610	goRegulates	go	1.0
GO:0051196	GO:0006732	goRegulates	go	1.0
GO:0043269	GO:0006811	goRegulates	go	1.0
GO:0050855	GO:0050853	goRegulates	go	1.0
GO:0051171	GO:0006807	goRegulates	go	1.0
GO:0031657	GO:0000082	goRegulates	go	1.0
GO:0070201	GO:0045184	goRegulates	go	1.0
GO:2000142	GO:0006352	goRegulates	go	1.0
GO:0045619	GO:0030098	goRegulates	go	1.0
GO:0035023	GO:0007266	goRegulates	go	1.0
GO:0051239	GO:0032501	goRegulates	go	1.0
GO:0050810	GO:0006694	goRegulates	go	1.0
GO:0043549	GO:0016301	goRegulates	go	1.0
GO:0010564	GO:0022402	goRegulates	go	1.0
GO:0002682	GO:0002376	goRegulates	go	1.0
GO:0032844	GO:0042592	goRegulates	go	1.0
GO:0010506	GO:0006914	goRegulates	go	1.0
GO:1902099	GO:0044784	goRegulates	go	1.0
GO:0043949	GO:0019933	goRegulates	go	1.0
GO:0010803	GO:0033209	goRegulates	go	1.0
GO:2000045	GO:0000082	goRegulates	go	1.0
GO:0006355	GO:0006351	goRegulates	go	1.0
GO:0042058	GO:0007173	goRegulates	go	1.0
GO:0006110	GO:0006096	goRegulates	go	1.0
GO:1902531	GO:0035556	goRegulates	go	1.0
GO:1900034	GO:0034605	goRegulates	go	1.0
GO:0030814	GO:0046058	goRegulates	go	1.0
GO:0051056	GO:0007264	goRegulates	go	1.0
GO:1900371	GO:0006164	goRegulates	go	1.0
GO:0031326	GO:0044249	goRegulates	go	1.0
GO:0051386	GO:0048011	goRegulates	go	1.0
GO:0032015	GO:0031291	goRegulates	go	1.0
GO:1903037	GO:0007159	goRegulates	go	1.0
GO:0090175	GO:0001736	goRegulates	go	1.0
GO:0061041	GO:0042060	goRegulates	go	1.0
GO:0019207	GO:0016301	goRegulates	go	1.0
GO:0046825	GO:0006611	goRegulates	go	1.0
GO:0042509	GO:0007260	goRegulates	go	1.0
GO:0046425	GO:0007259	goRegulates	go	1.0
GO:0051004	GO:0004465	goRegulates	go	1.0
GO:0002673	GO:0002526	goRegulates	go	1.0
GO:0022407	GO:0098609	goRegulates	go	1.0
GO:0010389	GO:0000086	goRegulates	go	1.0
GO:0014066	GO:0014065	goRegulates	go	1.0
GO:1903311	GO:0016071	goRegulates	go	1.0
GO:0034762	GO:0055085	goRegulates	go	1.0
GO:0044087	GO:0044085	goRegulates	go	1.0
GO:0070613	GO:0016485	goRegulates	go	1.0
GO:0090087	GO:0015833	goRegulates	go	1.0
GO:2000027	GO:0009887	goRegulates	go	1.0
GO:0009889	GO:0009058	goRegulates	go	1.0
GO:0006140	GO:0009117	goRegulates	go	1.0
GO:0006417	GO:0006412	goRegulates	go	1.0
GO:0006521	GO:0006520	goRegulates	go	1.0
GO:0045540	GO:0006695	goRegulates	go	1.0
GO:0046782	GO:0019083	goRegulates	go	1.0
GO:2001267	GO:0097199	goRegulates	go	1.0
GO:0030817	GO:0006171	goRegulates	go	1.0
GO:0035304	GO:0006470	goRegulates	go	1.0
GO:0043087	GO:0003924	goRegulates	go	1.0
GO:1902947	GO:0050321	goRegulates	go	1.0
GO:0080134	GO:0006950	goRegulates	go	1.0
GO:1903827	GO:0034613	goRegulates	go	1.0
GO:0017081	GO:0005254	goRegulates	go	1.0
GO:0045589	GO:0045066	goRegulates	go	1.0
GO:0045652	GO:0030219	goRegulates	go	1.0
GO:0051223	GO:0015031	goRegulates	go	1.0
GO:0050812	GO:0071616	goRegulates	go	1.0
GO:0048583	GO:0050896	goRegulates	go	1.0
GO:0043470	GO:0016052	goRegulates	go	1.0
GO:0043487	GO:0006401	goRegulates	go	1.0
GO:0022604	GO:0000902	goRegulates	go	1.0
GO:0080090	GO:0044238	goRegulates	go	1.0
GO:1905330	GO:0002009	goRegulates	go	1.0
GO:2000145	GO:0048870	goRegulates	go	1.0
GO:0009966	GO:0007165	goRegulates	go	1.0
GO:0045604	GO:0009913	goRegulates	go	1.0
GO:0051174	GO:0006793	goRegulates	go	1.0
GO:0050999	GO:0004517	goRegulates	go	1.0
GO:0051147	GO:0042692	goRegulates	go	1.0
GO:0035303	GO:0016311	goRegulates	go	1.0
GO:0033045	GO:0000819	goRegulates	go	1.0
GO:0051983	GO:0007059	goRegulates	go	1.0
GO:1900739	GO:0001844	goRegulates	go	1.0
GO:0010675	GO:0044262	goRegulates	go	1.0
GO:0010941	GO:0008219	goRegulates	go	1.0
GO:1903578	GO:0046034	goRegulates	go	1.0
GO:1905818	GO:0051304	goRegulates	go	1.0
GO:0061097	GO:0004713	goRegulates	go	1.0
GO:0019216	GO:0006629	goRegulates	go	1.0
GO:0006109	GO:0005975	goRegulates	go	1.0
GO:0030193	GO:0007596	goRegulates	go	1.0
GO:0045580	GO:0030217	goRegulates	go	1.0
GO:0051246	GO:0019538	goRegulates	go	1.0
GO:0050790	GO:0003824	goRegulates	go	1.0
GO:0051049	GO:0006810	goRegulates	go	1.0
GO:0032872	GO:0051403	goRegulates	go	1.0
GO:1901222	GO:0038061	goRegulates	go	1.0
GO:0080135	GO:0033554	goRegulates	go	1.0
GO:0060968	GO:0016458	goRegulates	go	1.0
GO:1904526	GO:0008017	goRegulates	go	1.0
GO:0045682	GO:0008544	goRegulates	go	1.0
GO:0035020	GO:0016601	goRegulates	go	1.0
GO:0051282	GO:0051208	goRegulates	go	1.0
GO:0050792	GO:0016032	goRegulates	go	1.0
GO:1900542	GO:0006163	goRegulates	go	1.0
GO:0031323	GO:0044237	goRegulates	go	1.0
GO:0032268	GO:0044267	goRegulates	go	1.0
GO:0033044	GO:0051276	goRegulates	go	1.0
GO:0032485	GO:0032484	goRegulates	go	1.0
GO:0052547	GO:0008233	goRegulates	go	1.0
GO:0060191	GO:0016298	goRegulates	go	1.0
GO:0034248	GO:0043603	goRegulates	go	1.0
GO:0060255	GO:0043170	goRegulates	go	1.0
GO:0010975	GO:0031175	goRegulates	go	1.0
GO:0060964	GO:0035195	goRegulates	go	1.0
GO:2000058	GO:0042787	goRegulates	go	1.0
GO:0019222	GO:0008152	goRegulates	go	1.0
GO:0007346	GO:0000278	goRegulates	go	1.0
GO:0016241	GO:0016236	goRegulates	go	1.0
GO:0030802	GO:0009190	goRegulates	go	1.0
GO:0051341	GO:0016491	goRegulates	go	1.0
GO:1900180	GO:0034504	goRegulates	go	1.0
GO:0031347	GO:0006952	goRegulates	go	1.0
GO:0001959	GO:0019221	goRegulates	go	1.0
GO:0043462	GO:0016887	goRegulates	go	1.0
GO:2000257	GO:0072376	goRegulates	go	1.0
GO:1903034	GO:0009611	goRegulates	go	1.0
GO:1903317	GO:0051604	goRegulates	go	1.0
GO:1903320	GO:0070647	goRegulates	go	1.0
GO:1903362	GO:0044257	goRegulates	go	1.0
GO:1903522	GO:0008015	goRegulates	go	1.0
GO:1903779	GO:0061337	goRegulates	go	1.0
GO:0060966	GO:0031047	goRegulates	go	1.0
GO:0030234	GO:0003824	goRegulates	go	1.0
GO:0019888	GO:0004721	goRegulates	go	1.0
GO:0060589	GO:0017111	goRegulates	go	1.0
GO:0019218	GO:0008202	goRegulates	go	1.0
GO:0001558	GO:0016049	goRegulates	go	1.0
GO:0006357	GO:0006366	goRegulates	go	1.0
GO:0030808	GO:0009165	goRegulates	go	1.0
GO:0031329	GO:0044248	goRegulates	go	1.0
GO:0031396	GO:0016567	goRegulates	go	1.0
GO:1902930	GO:0046165	goRegulates	go	1.0
GO:0033043	GO:0006996	goRegulates	go	1.0
GO:1903506	GO:0097659	goRegulates	go	1.0
GO:0060544	GO:0070266	goRegulates	go	1.0
GO:0071156	GO:0007050	goRegulates	go	1.0
GO:0090092	GO:0007178	goRegulates	go	1.0
GO:2000810	GO:0070830	goRegulates	go	1.0
GO:0090181	GO:0008203	goRegulates	go	1.0
GO:2000026	GO:0007275	goRegulates	go	1.0
GO:0071900	GO:0004674	goRegulates	go	1.0
GO:2000112	GO:0034645	goRegulates	go	1.0
GO:0016247	GO:0015267	goRegulates	go	1.0
GO:0016538	GO:0004693	goRegulates	go	1.0
GO:0019217	GO:0006631	goRegulates	go	1.0
GO:0019219	GO:0006139	goRegulates	go	1.0
GO:0040012	GO:0040011	goRegulates	go	1.0
GO:1900046	GO:0007599	goRegulates	go	1.0
GO:0051046	GO:0046903	goRegulates	go	1.0
GO:0050708	GO:0009306	goRegulates	go	1.0
GO:0050727	GO:0006954	goRegulates	go	1.0
GO:0031344	GO:0030030	goRegulates	go	1.0
GO:0010556	GO:0009059	goRegulates	go	1.0
GO:0033146	GO:0030520	goRegulates	go	1.0
GO:0010640	GO:0048008	goRegulates	go	1.0
GO:0044057	GO:0003008	goRegulates	go	1.0
GO:1903959	GO:0098656	goRegulates	go	1.0
GO:1903995	GO:0004715	goRegulates	go	1.0
GO:1904666	GO:0061630	goRegulates	go	1.0
GO:0042176	GO:0030163	goRegulates	go	1.0
GO:0045088	GO:0045087	goRegulates	go	1.0
GO:0051338	GO:0016740	goRegulates	go	1.0
GO:0051193	GO:0051186	goRegulates	go	1.0
GO:0050730	GO:0018108	goRegulates	go	1.0
GO:0043405	GO:0004707	goRegulates	go	1.0
GO:0032101	GO:0009605	goRegulates	go	1.0
GO:0032483	GO:0032482	goRegulates	go	1.0
GO:0033143	GO:0030518	goRegulates	go	1.0
GO:0010965	GO:0051306	goRegulates	go	1.0
GO:2000021	GO:0050801	goRegulates	go	1.0
GO:1901888	GO:0034329	goRegulates	go	1.0
GO:0019208	GO:0016791	goRegulates	go	1.0
GO:0008277	GO:0007186	goRegulates	go	1.0
GO:2001233	GO:0097190	goRegulates	go	1.0
GO:0050793	GO:0032502	goRegulates	go	1.0
GO:0050767	GO:0022008	goRegulates	go	1.0
GO:0050854	GO:0050851	goRegulates	go	1.0
GO:1902749	GO:0044839	goRegulates	go	1.0
GO:0010468	GO:0010467	goRegulates	go	1.0
GO:0032768	GO:0004497	goRegulates	go	1.0
GO:1902036	GO:0060218	goRegulates	go	1.0
GO:1901028	GO:0097345	goRegulates	go	1.0
GO:2000116	GO:0004197	goRegulates	go	1.0
GO:0030071	GO:0007091	goRegulates	go	1.0
GO:0006448	GO:0006414	goRegulates	go	1.0
GO:0030334	GO:0016477	goRegulates	go	1.0
GO:0030449	GO:0006956	goRegulates	go	1.0
GO:0017015	GO:0007179	goRegulates	go	1.0
GO:0046328	GO:0007254	goRegulates	go	1.0
GO:0050684	GO:0006397	goRegulates	go	1.0
GO:0050796	GO:0030073	goRegulates	go	1.0
GO:0051726	GO:0007049	goRegulates	go	1.0
GO:0043393	GO:0005515	goRegulates	go	1.0
GO:0051438	GO:0004842	goRegulates	go	1.0
GO:0002791	GO:0002790	goRegulates	go	1.0
GO:0051896	GO:0043491	goRegulates	go	1.0
GO:0043903	GO:0044403	goRegulates	go	1.0
GO:0043900	GO:0051704	goRegulates	go	1.0
GO:1903050	GO:0051603	goRegulates	go	1.0
GO:1903530	GO:0032940	goRegulates	go	1.0
GO:0090153	GO:0030148	goRegulates	go	1.0
GO:0046822	GO:0006913	goRegulates	go	1.0
GO:0009894	GO:0009056	goRegulates	go	1.0
GO:0045664	GO:0030182	goRegulates	go	1.0
GO:0042762	GO:0006790	goRegulates	go	1.0
GO:0033047	GO:0000070	goRegulates	go	1.0
GO:0010565	GO:0042180	goRegulates	go	1.0
GO:0051783	GO:0000280	goRegulates	go	1.0
GO:0060260	GO:0006367	goRegulates	go	1.0
GO:0060284	GO:0048468	goRegulates	go	1.0
GO:0060759	GO:0034097	goRegulates	go	1.0
GO:1901532	GO:0002244	goRegulates	go	1.0
GO:2000736	GO:0048863	goRegulates	go	1.0
GO:0090276	GO:0030072	goRegulates	go	1.0
GO:0030111	GO:0016055	goRegulates	go	1.0
GO:0097190	GO:0097194	goRegulates	go	1.0
GO:0050794	GO:0009987	goRegulates	go	1.0
GO:0051270	GO:0006928	goRegulates	go	1.0
GO:0043122	GO:0007249	goRegulates	go	1.0
GO:0002697	GO:0002252	goRegulates	go	1.0
GO:0032880	GO:0008104	goRegulates	go	1.0
GO:0032487	GO:0032486	goRegulates	go	1.0
GO:1902041	GO:0008625	goRegulates	go	1.0
GO:0010769	GO:0000904	goRegulates	go	1.0
GO:0070316	GO:0045023	goRegulates	go	1.0
GO:1903747	GO:0072655	goRegulates	go	1.0
GO:0090287	GO:0071363	goRegulates	go	1.0
GO:0000075	GO:0007050	goRegulates	go	1.0
GO:0000079	GO:0004693	goRegulates	go	1.0
GO:0030162	GO:0006508	goRegulates	go	1.0
GO:0008016	GO:0060047	goRegulates	go	1.0
GO:0045595	GO:0030154	goRegulates	go	1.0
GO:0051249	GO:0046649	goRegulates	go	1.0
GO:0043281	GO:0097153	goRegulates	go	1.0
GO:0043254	GO:0006461	goRegulates	go	1.0
GO:2000303	GO:0046513	goRegulates	go	1.0
GO:2000586	GO:0035791	goRegulates	go	1.0
GO:0120035	GO:0120036	goRegulates	go	1.0
GO:0030695	GO:0003924	goRegulates	go	1.0
GO:0098772	GO:0003674	goRegulates	go	1.0
GO:0042304	GO:0006633	goRegulates	go	1.0
GO:0030155	GO:0007155	goRegulates	go	1.0
GO:0050818	GO:0050817	goRegulates	go	1.0
GO:0043408	GO:0000165	goRegulates	go	1.0
GO:0031658	GO:0000082	goRegulates	go	1.0
GO:0033238	GO:0044106	goRegulates	go	1.0
GO:0010939	GO:0070265	goRegulates	go	1.0
GO:0060828	GO:0060070	goRegulates	go	1.0
GO:1905038	GO:0006643	goRegulates	go	1.0
GO:1901796	GO:0072331	goRegulates	go	1.0
GO:0019887	GO:0004672	goRegulates	go	1.0
GO:0042325	GO:0016310	goRegulates	go	1.0
GO:0045637	GO:0030099	goRegulates	go	1.0
GO:0046578	GO:0007265	goRegulates	go	1.0
GO:2001236	GO:0097191	goRegulates	go	1.0
GO:0030856	GO:0030855	goRegulates	go	1.0
GO:0051336	GO:0016787	goRegulates	go	1.0
GO:0050770	GO:0007409	goRegulates	go	1.0
GO:0032479	GO:0032606	goRegulates	go	1.0
GO:0022400	GO:0016056	goRegulates	go	1.0
GO:1901990	GO:0044772	goRegulates	go	1.0
GO:0010827	GO:1904659	goRegulates	go	1.0
GO:0010921	GO:0016791	goRegulates	go	1.0
GO:0023051	GO:0023052	goRegulates	go	1.0
GO:0042981	GO:0006915	goRegulates	go	1.0
GO:0001817	GO:0001816	goRegulates	go	1.0
GO:0050776	GO:0006955	goRegulates	go	1.0
GO:0050863	GO:0042110	goRegulates	go	1.0
GO:0051090	GO:0003700	goRegulates	go	1.0
GO:0051128	GO:0016043	goRegulates	go	1.0
GO:0031279	GO:0009975	goRegulates	go	1.0
GO:0051339	GO:0016829	goRegulates	go	1.0
GO:1900247	GO:0002182	goRegulates	go	1.0
GO:0031399	GO:0006464	goRegulates	go	1.0
GO:0002920	GO:0006959	goRegulates	go	1.0
GO:0022603	GO:0009653	goRegulates	go	1.0
GO:0010517	GO:0004620	goRegulates	go	1.0
GO:1902105	GO:0002521	goRegulates	go	1.0
GO:1903844	GO:0071560	goRegulates	go	1.0
GO:2001141	GO:0032774	goRegulates	go	1.0
GO:0040008	GO:0040007	goRegulates	go	1.0
GO:2001242	GO:0097193	goRegulates	go	1.0
GO:0030799	GO:0009187	goRegulates	go	1.0
GO:0050789	GO:0008150	goRegulates	go	1.0
GO:0051252	GO:0016070	goRegulates	go	1.0
GO:0001932	GO:0006468	goRegulates	go	1.0
GO:0051098	GO:0005488	goRegulates	go	1.0
GO:1900274	GO:0004629	goRegulates	go	1.0
GO:0043506	GO:0004705	goRegulates	go	1.0
GO:0032386	GO:0046907	goRegulates	go	1.0
GO:0033157	GO:0006886	goRegulates	go	1.0
GO:0034121	GO:0002224	goRegulates	go	1.0
GO:0052548	GO:0004175	goRegulates	go	1.0
GO:0060147	GO:0016441	goRegulates	go	1.0
GO:0034127	GO:0002756	goRegulates	go	1.0
GO:0060341	GO:0051641	goRegulates	go	1.0
GO:0060334	GO:0060333	goRegulates	go	1.0
GO:0060330	GO:0034341	goRegulates	go	1.0
GO:0010821	GO:0007005	goRegulates	go	1.0
GO:0070302	GO:0031098	goRegulates	go	1.0
GO:0044070	GO:0006820	goRegulates	go	1.0
GO:1904892	GO:0097696	goRegulates	go	1.0
GO:1905475	GO:0072657	goRegulates	go	1.0
